G1,G2,GED,gt_ged
0.gexf,0_NR_0_NID_5_ER_0_EID_3.gexf,"[0, 5, 0, 3]",8
1001.gexf,1001_NR_0_NID_7_ER_0_EID_1.gexf,"[0, 7, 0, 1]",8
1002.gexf,1002_NR_0_NID_3_ER_0_EID_5.gexf,"[0, 3, 0, 5]",8
1004.gexf,1004_NR_0_NID_3_ER_0_EID_5.gexf,"[0, 3, 0, 5]",8
1005.gexf,1005_NR_0_NID_5_ER_0_EID_3.gexf,"[0, 5, 0, 3]",8
1006.gexf,1006_NR_0_NID_8_ER_0_EID_0.gexf,"[0, 8, 0, 0]",8
1007.gexf,1007_NR_0_NID_0_ER_0_EID_8.gexf,"[0, 0, 0, 8]",8
1009.gexf,1009_NR_0_NID_8_ER_0_EID_0.gexf,"[0, 8, 0, 0]",8
1010.gexf,1010_NR_0_NID_0_ER_0_EID_8.gexf,"[0, 0, 0, 8]",8
1012.gexf,1012_NR_0_NID_7_ER_0_EID_1.gexf,"[0, 7, 0, 1]",8
1013.gexf,1013_NR_0_NID_2_ER_0_EID_6.gexf,"[0, 2, 0, 6]",8
1015.gexf,1015_NR_0_NID_7_ER_0_EID_1.gexf,"[0, 7, 0, 1]",8
1016.gexf,1016_NR_0_NID_0_ER_0_EID_8.gexf,"[0, 0, 0, 8]",8
1017.gexf,1017_NR_0_NID_0_ER_0_EID_8.gexf,"[0, 0, 0, 8]",8
1018.gexf,1018_NR_0_NID_2_ER_0_EID_6.gexf,"[0, 2, 0, 6]",8
1019.gexf,1019_NR_0_NID_7_ER_0_EID_1.gexf,"[0, 7, 0, 1]",8
101.gexf,101_NR_0_NID_4_ER_0_EID_4.gexf,"[0, 4, 0, 4]",8
1021.gexf,1021_NR_0_NID_8_ER_0_EID_0.gexf,"[0, 8, 0, 0]",8
1022.gexf,1022_NR_0_NID_5_ER_0_EID_3.gexf,"[0, 5, 0, 3]",8
1023.gexf,1023_NR_0_NID_2_ER_0_EID_6.gexf,"[0, 2, 0, 6]",8
1024.gexf,1024_NR_0_NID_0_ER_0_EID_7.gexf,"[0, 0, 0, 7]",7
1025.gexf,1025_NR_0_NID_7_ER_0_EID_1.gexf,"[0, 7, 0, 1]",8
1027.gexf,1027_NR_0_NID_2_ER_0_EID_6.gexf,"[0, 2, 0, 6]",8
1028.gexf,1028_NR_0_NID_8_ER_0_EID_0.gexf,"[0, 8, 0, 0]",8
1029.gexf,1029_NR_0_NID_7_ER_0_EID_1.gexf,"[0, 7, 0, 1]",8
1030.gexf,1030_NR_0_NID_8_ER_0_EID_0.gexf,"[0, 8, 0, 0]",8
1031.gexf,1031_NR_0_NID_4_ER_0_EID_4.gexf,"[0, 4, 0, 4]",8
1033.gexf,1033_NR_0_NID_8_ER_0_EID_0.gexf,"[0, 8, 0, 0]",8
1034.gexf,1034_NR_0_NID_6_ER_0_EID_2.gexf,"[0, 6, 0, 2]",8
1037.gexf,1037_NR_0_NID_3_ER_0_EID_5.gexf,"[0, 3, 0, 5]",8
1038.gexf,1038_NR_0_NID_0_ER_0_EID_8.gexf,"[0, 0, 0, 8]",8
1039.gexf,1039_NR_0_NID_4_ER_0_EID_4.gexf,"[0, 4, 0, 4]",8
103.gexf,103_NR_0_NID_5_ER_0_EID_3.gexf,"[0, 5, 0, 3]",8
1041.gexf,1041_NR_0_NID_0_ER_0_EID_8.gexf,"[0, 0, 0, 8]",8
1042.gexf,1042_NR_0_NID_2_ER_0_EID_6.gexf,"[0, 2, 0, 6]",8
1043.gexf,1043_NR_0_NID_6_ER_0_EID_2.gexf,"[0, 6, 0, 2]",8
1044.gexf,1044_NR_0_NID_8_ER_0_EID_0.gexf,"[0, 8, 0, 0]",8
1045.gexf,1045_NR_0_NID_4_ER_0_EID_4.gexf,"[0, 4, 0, 4]",8
1046.gexf,1046_NR_0_NID_2_ER_0_EID_6.gexf,"[0, 2, 0, 6]",8
1047.gexf,1047_NR_0_NID_4_ER_0_EID_4.gexf,"[0, 4, 0, 4]",8
1048.gexf,1048_NR_0_NID_5_ER_0_EID_3.gexf,"[0, 5, 0, 3]",8
1049.gexf,1049_NR_0_NID_6_ER_0_EID_2.gexf,"[0, 6, 0, 2]",8
104.gexf,104_NR_0_NID_3_ER_0_EID_5.gexf,"[0, 3, 0, 5]",8
1050.gexf,1050_NR_0_NID_1_ER_0_EID_7.gexf,"[0, 1, 0, 7]",8
1052.gexf,1052_NR_0_NID_2_ER_0_EID_6.gexf,"[0, 2, 0, 6]",8
1053.gexf,1053_NR_0_NID_8_ER_0_EID_0.gexf,"[0, 8, 0, 0]",8
1054.gexf,1054_NR_0_NID_4_ER_0_EID_4.gexf,"[0, 4, 0, 4]",8
1055.gexf,1055_NR_0_NID_6_ER_0_EID_2.gexf,"[0, 6, 0, 2]",8
1056.gexf,1056_NR_0_NID_5_ER_0_EID_3.gexf,"[0, 5, 0, 3]",8
1057.gexf,1057_NR_0_NID_4_ER_0_EID_4.gexf,"[0, 4, 0, 4]",8
1058.gexf,1058_NR_0_NID_6_ER_0_EID_2.gexf,"[0, 6, 0, 2]",8
1059.gexf,1059_NR_0_NID_4_ER_0_EID_4.gexf,"[0, 4, 0, 4]",8
105.gexf,105_NR_0_NID_2_ER_0_EID_6.gexf,"[0, 2, 0, 6]",8
1060.gexf,1060_NR_0_NID_3_ER_0_EID_5.gexf,"[0, 3, 0, 5]",8
1062.gexf,1062_NR_0_NID_0_ER_0_EID_8.gexf,"[0, 0, 0, 8]",8
1063.gexf,1063_NR_0_NID_7_ER_0_EID_1.gexf,"[0, 7, 0, 1]",8
1065.gexf,1065_NR_0_NID_6_ER_0_EID_2.gexf,"[0, 6, 0, 2]",8
1066.gexf,1066_NR_0_NID_7_ER_0_EID_1.gexf,"[0, 7, 0, 1]",8
1067.gexf,1067_NR_0_NID_2_ER_0_EID_6.gexf,"[0, 2, 0, 6]",8
1068.gexf,1068_NR_0_NID_4_ER_0_EID_4.gexf,"[0, 4, 0, 4]",8
106.gexf,106_NR_0_NID_3_ER_0_EID_5.gexf,"[0, 3, 0, 5]",8
1072.gexf,1072_NR_0_NID_1_ER_0_EID_7.gexf,"[0, 1, 0, 7]",8
1073.gexf,1073_NR_0_NID_3_ER_0_EID_5.gexf,"[0, 3, 0, 5]",8
1074.gexf,1074_NR_0_NID_2_ER_0_EID_6.gexf,"[0, 2, 0, 6]",8
1075.gexf,1075_NR_0_NID_3_ER_0_EID_5.gexf,"[0, 3, 0, 5]",8
1076.gexf,1076_NR_0_NID_6_ER_0_EID_2.gexf,"[0, 6, 0, 2]",8
1077.gexf,1077_NR_0_NID_8_ER_0_EID_0.gexf,"[0, 8, 0, 0]",8
1079.gexf,1079_NR_0_NID_5_ER_0_EID_3.gexf,"[0, 5, 0, 3]",8
107.gexf,107_NR_0_NID_8_ER_0_EID_0.gexf,"[0, 8, 0, 0]",8
1080.gexf,1080_NR_0_NID_7_ER_0_EID_1.gexf,"[0, 7, 0, 1]",8
1081.gexf,1081_NR_0_NID_6_ER_0_EID_2.gexf,"[0, 6, 0, 2]",8
1083.gexf,1083_NR_0_NID_4_ER_0_EID_4.gexf,"[0, 4, 0, 4]",8
1084.gexf,1084_NR_0_NID_0_ER_0_EID_8.gexf,"[0, 0, 0, 8]",8
1085.gexf,1085_NR_0_NID_6_ER_0_EID_2.gexf,"[0, 6, 0, 2]",8
1087.gexf,1087_NR_0_NID_5_ER_0_EID_3.gexf,"[0, 5, 0, 3]",8
1088.gexf,1088_NR_0_NID_4_ER_0_EID_4.gexf,"[0, 4, 0, 4]",8
1089.gexf,1089_NR_0_NID_4_ER_0_EID_4.gexf,"[0, 4, 0, 4]",8
108.gexf,108_NR_0_NID_2_ER_0_EID_6.gexf,"[0, 2, 0, 6]",8
1091.gexf,1091_NR_0_NID_7_ER_0_EID_1.gexf,"[0, 7, 0, 1]",8
1093.gexf,1093_NR_0_NID_0_ER_0_EID_8.gexf,"[0, 0, 0, 8]",8
1094.gexf,1094_NR_0_NID_6_ER_0_EID_2.gexf,"[0, 6, 0, 2]",8
1095.gexf,1095_NR_0_NID_5_ER_0_EID_3.gexf,"[0, 5, 0, 3]",8
1097.gexf,1097_NR_0_NID_0_ER_0_EID_8.gexf,"[0, 0, 0, 8]",8
1098.gexf,1098_NR_0_NID_2_ER_0_EID_6.gexf,"[0, 2, 0, 6]",8
1099.gexf,1099_NR_0_NID_1_ER_0_EID_7.gexf,"[0, 1, 0, 7]",8
109.gexf,109_NR_0_NID_0_ER_0_EID_8.gexf,"[0, 0, 0, 8]",8
10.gexf,10_NR_0_NID_4_ER_0_EID_4.gexf,"[0, 4, 0, 4]",8
1101.gexf,1101_NR_0_NID_3_ER_0_EID_5.gexf,"[0, 3, 0, 5]",8
1102.gexf,1102_NR_0_NID_6_ER_0_EID_2.gexf,"[0, 6, 0, 2]",8
1104.gexf,1104_NR_0_NID_2_ER_0_EID_6.gexf,"[0, 2, 0, 6]",8
1105.gexf,1105_NR_0_NID_0_ER_0_EID_7.gexf,"[0, 0, 0, 7]",7
1106.gexf,1106_NR_0_NID_0_ER_0_EID_8.gexf,"[0, 0, 0, 8]",8
1108.gexf,1108_NR_0_NID_6_ER_0_EID_2.gexf,"[0, 6, 0, 2]",8
1109.gexf,1109_NR_0_NID_1_ER_0_EID_7.gexf,"[0, 1, 0, 7]",8
110.gexf,110_NR_0_NID_3_ER_0_EID_5.gexf,"[0, 3, 0, 5]",8
1110.gexf,1110_NR_0_NID_1_ER_0_EID_7.gexf,"[0, 1, 0, 7]",8
1111.gexf,1111_NR_0_NID_1_ER_0_EID_7.gexf,"[0, 1, 0, 7]",8
1112.gexf,1112_NR_0_NID_5_ER_0_EID_3.gexf,"[0, 5, 0, 3]",8
1114.gexf,1114_NR_0_NID_5_ER_0_EID_3.gexf,"[0, 5, 0, 3]",8
1115.gexf,1115_NR_0_NID_6_ER_0_EID_2.gexf,"[0, 6, 0, 2]",8
1117.gexf,1117_NR_0_NID_2_ER_0_EID_6.gexf,"[0, 2, 0, 6]",8
1118.gexf,1118_NR_0_NID_8_ER_0_EID_0.gexf,"[0, 8, 0, 0]",8
1119.gexf,1119_NR_0_NID_6_ER_0_EID_2.gexf,"[0, 6, 0, 2]",8
1121.gexf,1121_NR_0_NID_6_ER_0_EID_2.gexf,"[0, 6, 0, 2]",8
1123.gexf,1123_NR_0_NID_1_ER_0_EID_7.gexf,"[0, 1, 0, 7]",8
1126.gexf,1126_NR_0_NID_4_ER_0_EID_4.gexf,"[0, 4, 0, 4]",8
1127.gexf,1127_NR_0_NID_6_ER_0_EID_2.gexf,"[0, 6, 0, 2]",8
1129.gexf,1129_NR_0_NID_3_ER_0_EID_5.gexf,"[0, 3, 0, 5]",8
112.gexf,112_NR_0_NID_6_ER_0_EID_2.gexf,"[0, 6, 0, 2]",8
1130.gexf,1130_NR_0_NID_1_ER_0_EID_7.gexf,"[0, 1, 0, 7]",8
1131.gexf,1131_NR_0_NID_5_ER_0_EID_3.gexf,"[0, 5, 0, 3]",8
1132.gexf,1132_NR_0_NID_3_ER_0_EID_5.gexf,"[0, 3, 0, 5]",8
1133.gexf,1133_NR_0_NID_7_ER_0_EID_1.gexf,"[0, 7, 0, 1]",8
1134.gexf,1134_NR_0_NID_7_ER_0_EID_1.gexf,"[0, 7, 0, 1]",8
1136.gexf,1136_NR_0_NID_1_ER_0_EID_7.gexf,"[0, 1, 0, 7]",8
1137.gexf,1137_NR_0_NID_6_ER_0_EID_2.gexf,"[0, 6, 0, 2]",8
1138.gexf,1138_NR_0_NID_3_ER_0_EID_5.gexf,"[0, 3, 0, 5]",8
1139.gexf,1139_NR_0_NID_3_ER_0_EID_5.gexf,"[0, 3, 0, 5]",8
113.gexf,113_NR_0_NID_8_ER_0_EID_0.gexf,"[0, 8, 0, 0]",8
1140.gexf,1140_NR_0_NID_1_ER_0_EID_7.gexf,"[0, 1, 0, 7]",8
1141.gexf,1141_NR_0_NID_5_ER_0_EID_3.gexf,"[0, 5, 0, 3]",8
1142.gexf,1142_NR_0_NID_7_ER_0_EID_1.gexf,"[0, 7, 0, 1]",8
1143.gexf,1143_NR_0_NID_4_ER_0_EID_4.gexf,"[0, 4, 0, 4]",8
1144.gexf,1144_NR_0_NID_4_ER_0_EID_4.gexf,"[0, 4, 0, 4]",8
1145.gexf,1145_NR_0_NID_4_ER_0_EID_4.gexf,"[0, 4, 0, 4]",8
1146.gexf,1146_NR_0_NID_0_ER_0_EID_7.gexf,"[0, 0, 0, 7]",7
1148.gexf,1148_NR_0_NID_8_ER_0_EID_0.gexf,"[0, 8, 0, 0]",8
1149.gexf,1149_NR_0_NID_2_ER_0_EID_6.gexf,"[0, 2, 0, 6]",8
114.gexf,114_NR_0_NID_2_ER_0_EID_6.gexf,"[0, 2, 0, 6]",8
1150.gexf,1150_NR_0_NID_7_ER_0_EID_1.gexf,"[0, 7, 0, 1]",8
1151.gexf,1151_NR_0_NID_6_ER_0_EID_2.gexf,"[0, 6, 0, 2]",8
1152.gexf,1152_NR_0_NID_1_ER_0_EID_7.gexf,"[0, 1, 0, 7]",8
1153.gexf,1153_NR_0_NID_7_ER_0_EID_1.gexf,"[0, 7, 0, 1]",8
1154.gexf,1154_NR_0_NID_4_ER_0_EID_4.gexf,"[0, 4, 0, 4]",8
1155.gexf,1155_NR_0_NID_5_ER_0_EID_3.gexf,"[0, 5, 0, 3]",8
1156.gexf,1156_NR_0_NID_7_ER_0_EID_1.gexf,"[0, 7, 0, 1]",8
1158.gexf,1158_NR_0_NID_7_ER_0_EID_1.gexf,"[0, 7, 0, 1]",8
1159.gexf,1159_NR_0_NID_0_ER_0_EID_7.gexf,"[0, 0, 0, 7]",7
115.gexf,115_NR_0_NID_8_ER_0_EID_0.gexf,"[0, 8, 0, 0]",8
1160.gexf,1160_NR_0_NID_1_ER_0_EID_7.gexf,"[0, 1, 0, 7]",8
1161.gexf,1161_NR_0_NID_0_ER_0_EID_8.gexf,"[0, 0, 0, 8]",8
1162.gexf,1162_NR_0_NID_0_ER_0_EID_8.gexf,"[0, 0, 0, 8]",8
1163.gexf,1163_NR_0_NID_5_ER_0_EID_3.gexf,"[0, 5, 0, 3]",8
1166.gexf,1166_NR_0_NID_0_ER_0_EID_8.gexf,"[0, 0, 0, 8]",8
1167.gexf,1167_NR_0_NID_7_ER_0_EID_1.gexf,"[0, 7, 0, 1]",8
1169.gexf,1169_NR_0_NID_5_ER_0_EID_3.gexf,"[0, 5, 0, 3]",8
1171.gexf,1171_NR_0_NID_6_ER_0_EID_2.gexf,"[0, 6, 0, 2]",8
1172.gexf,1172_NR_0_NID_3_ER_0_EID_5.gexf,"[0, 3, 0, 5]",8
1174.gexf,1174_NR_0_NID_4_ER_0_EID_4.gexf,"[0, 4, 0, 4]",8
1175.gexf,1175_NR_0_NID_7_ER_0_EID_1.gexf,"[0, 7, 0, 1]",8
1176.gexf,1176_NR_0_NID_5_ER_0_EID_3.gexf,"[0, 5, 0, 3]",8
1178.gexf,1178_NR_0_NID_1_ER_0_EID_7.gexf,"[0, 1, 0, 7]",8
1179.gexf,1179_NR_0_NID_0_ER_0_EID_8.gexf,"[0, 0, 0, 8]",8
117.gexf,117_NR_0_NID_5_ER_0_EID_3.gexf,"[0, 5, 0, 3]",8
1180.gexf,1180_NR_0_NID_3_ER_0_EID_5.gexf,"[0, 3, 0, 5]",8
1182.gexf,1182_NR_0_NID_0_ER_0_EID_8.gexf,"[0, 0, 0, 8]",8
1183.gexf,1183_NR_0_NID_1_ER_0_EID_7.gexf,"[0, 1, 0, 7]",8
1184.gexf,1184_NR_0_NID_8_ER_0_EID_0.gexf,"[0, 8, 0, 0]",8
1187.gexf,1187_NR_0_NID_4_ER_0_EID_4.gexf,"[0, 4, 0, 4]",8
1188.gexf,1188_NR_0_NID_6_ER_0_EID_2.gexf,"[0, 6, 0, 2]",8
1189.gexf,1189_NR_0_NID_2_ER_0_EID_6.gexf,"[0, 2, 0, 6]",8
1191.gexf,1191_NR_0_NID_0_ER_0_EID_8.gexf,"[0, 0, 0, 8]",8
1192.gexf,1192_NR_0_NID_3_ER_0_EID_5.gexf,"[0, 3, 0, 5]",8
1194.gexf,1194_NR_0_NID_3_ER_0_EID_5.gexf,"[0, 3, 0, 5]",8
1195.gexf,1195_NR_0_NID_6_ER_0_EID_2.gexf,"[0, 6, 0, 2]",8
1196.gexf,1196_NR_0_NID_1_ER_0_EID_7.gexf,"[0, 1, 0, 7]",8
1197.gexf,1197_NR_0_NID_0_ER_0_EID_8.gexf,"[0, 0, 0, 8]",8
1198.gexf,1198_NR_0_NID_7_ER_0_EID_1.gexf,"[0, 7, 0, 1]",8
1199.gexf,1199_NR_0_NID_5_ER_0_EID_3.gexf,"[0, 5, 0, 3]",8
119.gexf,119_NR_0_NID_7_ER_0_EID_1.gexf,"[0, 7, 0, 1]",8
1200.gexf,1200_NR_0_NID_1_ER_0_EID_7.gexf,"[0, 1, 0, 7]",8
1202.gexf,1202_NR_0_NID_4_ER_0_EID_4.gexf,"[0, 4, 0, 4]",8
1203.gexf,1203_NR_0_NID_8_ER_0_EID_0.gexf,"[0, 8, 0, 0]",8
1204.gexf,1204_NR_0_NID_2_ER_0_EID_6.gexf,"[0, 2, 0, 6]",8
1205.gexf,1205_NR_0_NID_7_ER_0_EID_1.gexf,"[0, 7, 0, 1]",8
1206.gexf,1206_NR_0_NID_0_ER_0_EID_8.gexf,"[0, 0, 0, 8]",8
1207.gexf,1207_NR_0_NID_4_ER_0_EID_4.gexf,"[0, 4, 0, 4]",8
1208.gexf,1208_NR_0_NID_2_ER_0_EID_6.gexf,"[0, 2, 0, 6]",8
1209.gexf,1209_NR_0_NID_1_ER_0_EID_7.gexf,"[0, 1, 0, 7]",8
120.gexf,120_NR_0_NID_4_ER_0_EID_4.gexf,"[0, 4, 0, 4]",8
1210.gexf,1210_NR_0_NID_1_ER_0_EID_7.gexf,"[0, 1, 0, 7]",8
1211.gexf,1211_NR_0_NID_1_ER_0_EID_7.gexf,"[0, 1, 0, 7]",8
1212.gexf,1212_NR_0_NID_3_ER_0_EID_5.gexf,"[0, 3, 0, 5]",8
1213.gexf,1213_NR_0_NID_8_ER_0_EID_0.gexf,"[0, 8, 0, 0]",8
1214.gexf,1214_NR_0_NID_4_ER_0_EID_4.gexf,"[0, 4, 0, 4]",8
1215.gexf,1215_NR_0_NID_2_ER_0_EID_6.gexf,"[0, 2, 0, 6]",8
1216.gexf,1216_NR_0_NID_1_ER_0_EID_7.gexf,"[0, 1, 0, 7]",8
1217.gexf,1217_NR_0_NID_0_ER_0_EID_8.gexf,"[0, 0, 0, 8]",8
1218.gexf,1218_NR_0_NID_8_ER_0_EID_0.gexf,"[0, 8, 0, 0]",8
121.gexf,121_NR_0_NID_1_ER_0_EID_7.gexf,"[0, 1, 0, 7]",8
1220.gexf,1220_NR_0_NID_3_ER_0_EID_5.gexf,"[0, 3, 0, 5]",8
1221.gexf,1221_NR_0_NID_5_ER_0_EID_3.gexf,"[0, 5, 0, 3]",8
1222.gexf,1222_NR_0_NID_7_ER_0_EID_1.gexf,"[0, 7, 0, 1]",8
1223.gexf,1223_NR_0_NID_8_ER_0_EID_0.gexf,"[0, 8, 0, 0]",8
1224.gexf,1224_NR_0_NID_7_ER_0_EID_1.gexf,"[0, 7, 0, 1]",8
1226.gexf,1226_NR_0_NID_4_ER_0_EID_4.gexf,"[0, 4, 0, 4]",8
1227.gexf,1227_NR_0_NID_8_ER_0_EID_0.gexf,"[0, 8, 0, 0]",8
1228.gexf,1228_NR_0_NID_2_ER_0_EID_6.gexf,"[0, 2, 0, 6]",8
1229.gexf,1229_NR_0_NID_4_ER_0_EID_4.gexf,"[0, 4, 0, 4]",8
122.gexf,122_NR_0_NID_8_ER_0_EID_0.gexf,"[0, 8, 0, 0]",8
1230.gexf,1230_NR_0_NID_5_ER_0_EID_3.gexf,"[0, 5, 0, 3]",8
1231.gexf,1231_NR_0_NID_1_ER_0_EID_7.gexf,"[0, 1, 0, 7]",8
1232.gexf,1232_NR_0_NID_1_ER_0_EID_7.gexf,"[0, 1, 0, 7]",8
1233.gexf,1233_NR_0_NID_4_ER_0_EID_4.gexf,"[0, 4, 0, 4]",8
1234.gexf,1234_NR_0_NID_6_ER_0_EID_2.gexf,"[0, 6, 0, 2]",8
1235.gexf,1235_NR_0_NID_7_ER_0_EID_1.gexf,"[0, 7, 0, 1]",8
1237.gexf,1237_NR_0_NID_1_ER_0_EID_7.gexf,"[0, 1, 0, 7]",8
1239.gexf,1239_NR_0_NID_5_ER_0_EID_3.gexf,"[0, 5, 0, 3]",8
123.gexf,123_NR_0_NID_8_ER_0_EID_0.gexf,"[0, 8, 0, 0]",8
1240.gexf,1240_NR_0_NID_4_ER_0_EID_4.gexf,"[0, 4, 0, 4]",8
1241.gexf,1241_NR_0_NID_5_ER_0_EID_3.gexf,"[0, 5, 0, 3]",8
1242.gexf,1242_NR_0_NID_6_ER_0_EID_2.gexf,"[0, 6, 0, 2]",8
1244.gexf,1244_NR_0_NID_5_ER_0_EID_3.gexf,"[0, 5, 0, 3]",8
1245.gexf,1245_NR_0_NID_0_ER_0_EID_8.gexf,"[0, 0, 0, 8]",8
1246.gexf,1246_NR_0_NID_8_ER_0_EID_0.gexf,"[0, 8, 0, 0]",8
1248.gexf,1248_NR_0_NID_7_ER_0_EID_1.gexf,"[0, 7, 0, 1]",8
124.gexf,124_NR_0_NID_6_ER_0_EID_2.gexf,"[0, 6, 0, 2]",8
1250.gexf,1250_NR_0_NID_7_ER_0_EID_1.gexf,"[0, 7, 0, 1]",8
1251.gexf,1251_NR_0_NID_3_ER_0_EID_5.gexf,"[0, 3, 0, 5]",8
1252.gexf,1252_NR_0_NID_2_ER_0_EID_6.gexf,"[0, 2, 0, 6]",8
1253.gexf,1253_NR_0_NID_7_ER_0_EID_1.gexf,"[0, 7, 0, 1]",8
1254.gexf,1254_NR_0_NID_7_ER_0_EID_1.gexf,"[0, 7, 0, 1]",8
1255.gexf,1255_NR_0_NID_1_ER_0_EID_7.gexf,"[0, 1, 0, 7]",8
1256.gexf,1256_NR_0_NID_6_ER_0_EID_2.gexf,"[0, 6, 0, 2]",8
1257.gexf,1257_NR_0_NID_0_ER_0_EID_8.gexf,"[0, 0, 0, 8]",8
1258.gexf,1258_NR_0_NID_0_ER_0_EID_8.gexf,"[0, 0, 0, 8]",8
1259.gexf,1259_NR_0_NID_5_ER_0_EID_3.gexf,"[0, 5, 0, 3]",8
125.gexf,125_NR_0_NID_6_ER_0_EID_2.gexf,"[0, 6, 0, 2]",8
1261.gexf,1261_NR_0_NID_5_ER_0_EID_3.gexf,"[0, 5, 0, 3]",8
1262.gexf,1262_NR_0_NID_1_ER_0_EID_7.gexf,"[0, 1, 0, 7]",8
1263.gexf,1263_NR_0_NID_1_ER_0_EID_7.gexf,"[0, 1, 0, 7]",8
1264.gexf,1264_NR_0_NID_3_ER_0_EID_5.gexf,"[0, 3, 0, 5]",8
1265.gexf,1265_NR_0_NID_7_ER_0_EID_1.gexf,"[0, 7, 0, 1]",8
1267.gexf,1267_NR_0_NID_2_ER_0_EID_6.gexf,"[0, 2, 0, 6]",8
1268.gexf,1268_NR_0_NID_1_ER_0_EID_7.gexf,"[0, 1, 0, 7]",8
126.gexf,126_NR_0_NID_8_ER_0_EID_0.gexf,"[0, 8, 0, 0]",8
1270.gexf,1270_NR_0_NID_3_ER_0_EID_5.gexf,"[0, 3, 0, 5]",8
1271.gexf,1271_NR_0_NID_0_ER_0_EID_8.gexf,"[0, 0, 0, 8]",8
1272.gexf,1272_NR_0_NID_5_ER_0_EID_3.gexf,"[0, 5, 0, 3]",8
1273.gexf,1273_NR_0_NID_1_ER_0_EID_7.gexf,"[0, 1, 0, 7]",8
1274.gexf,1274_NR_0_NID_2_ER_0_EID_6.gexf,"[0, 2, 0, 6]",8
1275.gexf,1275_NR_0_NID_0_ER_0_EID_8.gexf,"[0, 0, 0, 8]",8
1277.gexf,1277_NR_0_NID_5_ER_0_EID_3.gexf,"[0, 5, 0, 3]",8
1278.gexf,1278_NR_0_NID_4_ER_0_EID_4.gexf,"[0, 4, 0, 4]",8
1279.gexf,1279_NR_0_NID_3_ER_0_EID_5.gexf,"[0, 3, 0, 5]",8
1280.gexf,1280_NR_0_NID_2_ER_0_EID_6.gexf,"[0, 2, 0, 6]",8
1281.gexf,1281_NR_0_NID_7_ER_0_EID_1.gexf,"[0, 7, 0, 1]",8
1282.gexf,1282_NR_0_NID_2_ER_0_EID_6.gexf,"[0, 2, 0, 6]",8
1283.gexf,1283_NR_0_NID_8_ER_0_EID_0.gexf,"[0, 8, 0, 0]",8
1284.gexf,1284_NR_0_NID_0_ER_0_EID_8.gexf,"[0, 0, 0, 8]",8
1285.gexf,1285_NR_0_NID_1_ER_0_EID_7.gexf,"[0, 1, 0, 7]",8
1287.gexf,1287_NR_0_NID_8_ER_0_EID_0.gexf,"[0, 8, 0, 0]",8
1288.gexf,1288_NR_0_NID_1_ER_0_EID_7.gexf,"[0, 1, 0, 7]",8
1289.gexf,1289_NR_0_NID_5_ER_0_EID_3.gexf,"[0, 5, 0, 3]",8
1290.gexf,1290_NR_0_NID_2_ER_0_EID_6.gexf,"[0, 2, 0, 6]",8
1293.gexf,1293_NR_0_NID_5_ER_0_EID_3.gexf,"[0, 5, 0, 3]",8
1294.gexf,1294_NR_0_NID_7_ER_0_EID_1.gexf,"[0, 7, 0, 1]",8
1295.gexf,1295_NR_0_NID_5_ER_0_EID_3.gexf,"[0, 5, 0, 3]",8
1296.gexf,1296_NR_0_NID_2_ER_0_EID_6.gexf,"[0, 2, 0, 6]",8
1297.gexf,1297_NR_0_NID_5_ER_0_EID_3.gexf,"[0, 5, 0, 3]",8
1298.gexf,1298_NR_0_NID_8_ER_0_EID_0.gexf,"[0, 8, 0, 0]",8
1299.gexf,1299_NR_0_NID_7_ER_0_EID_1.gexf,"[0, 7, 0, 1]",8
129.gexf,129_NR_0_NID_6_ER_0_EID_2.gexf,"[0, 6, 0, 2]",8
12.gexf,12_NR_0_NID_5_ER_0_EID_3.gexf,"[0, 5, 0, 3]",8
1301.gexf,1301_NR_0_NID_7_ER_0_EID_1.gexf,"[0, 7, 0, 1]",8
1302.gexf,1302_NR_0_NID_5_ER_0_EID_3.gexf,"[0, 5, 0, 3]",8
1303.gexf,1303_NR_0_NID_6_ER_0_EID_2.gexf,"[0, 6, 0, 2]",8
1304.gexf,1304_NR_0_NID_7_ER_0_EID_1.gexf,"[0, 7, 0, 1]",8
1306.gexf,1306_NR_0_NID_6_ER_0_EID_2.gexf,"[0, 6, 0, 2]",8
1307.gexf,1307_NR_0_NID_5_ER_0_EID_3.gexf,"[0, 5, 0, 3]",8
1309.gexf,1309_NR_0_NID_1_ER_0_EID_7.gexf,"[0, 1, 0, 7]",8
130.gexf,130_NR_0_NID_6_ER_0_EID_2.gexf,"[0, 6, 0, 2]",8
1312.gexf,1312_NR_0_NID_2_ER_0_EID_6.gexf,"[0, 2, 0, 6]",8
1313.gexf,1313_NR_0_NID_0_ER_0_EID_8.gexf,"[0, 0, 0, 8]",8
1314.gexf,1314_NR_0_NID_7_ER_0_EID_1.gexf,"[0, 7, 0, 1]",8
1316.gexf,1316_NR_0_NID_7_ER_0_EID_1.gexf,"[0, 7, 0, 1]",8
1317.gexf,1317_NR_0_NID_6_ER_0_EID_2.gexf,"[0, 6, 0, 2]",8
1318.gexf,1318_NR_0_NID_0_ER_0_EID_8.gexf,"[0, 0, 0, 8]",8
1319.gexf,1319_NR_0_NID_1_ER_0_EID_7.gexf,"[0, 1, 0, 7]",8
1320.gexf,1320_NR_0_NID_2_ER_0_EID_6.gexf,"[0, 2, 0, 6]",8
1321.gexf,1321_NR_0_NID_2_ER_0_EID_6.gexf,"[0, 2, 0, 6]",8
1322.gexf,1322_NR_0_NID_7_ER_0_EID_1.gexf,"[0, 7, 0, 1]",8
1323.gexf,1323_NR_0_NID_2_ER_0_EID_6.gexf,"[0, 2, 0, 6]",8
1326.gexf,1326_NR_0_NID_7_ER_0_EID_1.gexf,"[0, 7, 0, 1]",8
1327.gexf,1327_NR_0_NID_0_ER_0_EID_8.gexf,"[0, 0, 0, 8]",8
1328.gexf,1328_NR_0_NID_4_ER_0_EID_4.gexf,"[0, 4, 0, 4]",8
1329.gexf,1329_NR_0_NID_4_ER_0_EID_4.gexf,"[0, 4, 0, 4]",8
132.gexf,132_NR_0_NID_7_ER_0_EID_1.gexf,"[0, 7, 0, 1]",8
1331.gexf,1331_NR_0_NID_7_ER_0_EID_1.gexf,"[0, 7, 0, 1]",8
1332.gexf,1332_NR_0_NID_0_ER_0_EID_7.gexf,"[0, 0, 0, 7]",7
1333.gexf,1333_NR_0_NID_7_ER_0_EID_1.gexf,"[0, 7, 0, 1]",8
1334.gexf,1334_NR_0_NID_0_ER_0_EID_8.gexf,"[0, 0, 0, 8]",8
1335.gexf,1335_NR_0_NID_4_ER_0_EID_4.gexf,"[0, 4, 0, 4]",8
1336.gexf,1336_NR_0_NID_2_ER_0_EID_6.gexf,"[0, 2, 0, 6]",8
1337.gexf,1337_NR_0_NID_2_ER_0_EID_6.gexf,"[0, 2, 0, 6]",8
1338.gexf,1338_NR_0_NID_4_ER_0_EID_4.gexf,"[0, 4, 0, 4]",8
1339.gexf,1339_NR_0_NID_5_ER_0_EID_3.gexf,"[0, 5, 0, 3]",8
133.gexf,133_NR_0_NID_4_ER_0_EID_4.gexf,"[0, 4, 0, 4]",8
1340.gexf,1340_NR_0_NID_2_ER_0_EID_6.gexf,"[0, 2, 0, 6]",8
1341.gexf,1341_NR_0_NID_7_ER_0_EID_1.gexf,"[0, 7, 0, 1]",8
1342.gexf,1342_NR_0_NID_3_ER_0_EID_5.gexf,"[0, 3, 0, 5]",8
1344.gexf,1344_NR_0_NID_2_ER_0_EID_6.gexf,"[0, 2, 0, 6]",8
1346.gexf,1346_NR_0_NID_4_ER_0_EID_4.gexf,"[0, 4, 0, 4]",8
1347.gexf,1347_NR_0_NID_2_ER_0_EID_6.gexf,"[0, 2, 0, 6]",8
1348.gexf,1348_NR_0_NID_4_ER_0_EID_4.gexf,"[0, 4, 0, 4]",8
1349.gexf,1349_NR_0_NID_0_ER_0_EID_8.gexf,"[0, 0, 0, 8]",8
134.gexf,134_NR_0_NID_5_ER_0_EID_3.gexf,"[0, 5, 0, 3]",8
1350.gexf,1350_NR_0_NID_7_ER_0_EID_1.gexf,"[0, 7, 0, 1]",8
1351.gexf,1351_NR_0_NID_7_ER_0_EID_1.gexf,"[0, 7, 0, 1]",8
1352.gexf,1352_NR_0_NID_6_ER_0_EID_2.gexf,"[0, 6, 0, 2]",8
1353.gexf,1353_NR_0_NID_4_ER_0_EID_4.gexf,"[0, 4, 0, 4]",8
1354.gexf,1354_NR_0_NID_4_ER_0_EID_4.gexf,"[0, 4, 0, 4]",8
1355.gexf,1355_NR_0_NID_6_ER_0_EID_2.gexf,"[0, 6, 0, 2]",8
1356.gexf,1356_NR_0_NID_0_ER_0_EID_8.gexf,"[0, 0, 0, 8]",8
1357.gexf,1357_NR_0_NID_2_ER_0_EID_6.gexf,"[0, 2, 0, 6]",8
1358.gexf,1358_NR_0_NID_1_ER_0_EID_7.gexf,"[0, 1, 0, 7]",8
1359.gexf,1359_NR_0_NID_2_ER_0_EID_6.gexf,"[0, 2, 0, 6]",8
135.gexf,135_NR_0_NID_3_ER_0_EID_5.gexf,"[0, 3, 0, 5]",8
1360.gexf,1360_NR_0_NID_8_ER_0_EID_0.gexf,"[0, 8, 0, 0]",8
1364.gexf,1364_NR_0_NID_6_ER_0_EID_2.gexf,"[0, 6, 0, 2]",8
1365.gexf,1365_NR_0_NID_7_ER_0_EID_1.gexf,"[0, 7, 0, 1]",8
1366.gexf,1366_NR_0_NID_3_ER_0_EID_5.gexf,"[0, 3, 0, 5]",8
1367.gexf,1367_NR_0_NID_5_ER_0_EID_3.gexf,"[0, 5, 0, 3]",8
1368.gexf,1368_NR_0_NID_4_ER_0_EID_4.gexf,"[0, 4, 0, 4]",8
1369.gexf,1369_NR_0_NID_7_ER_0_EID_1.gexf,"[0, 7, 0, 1]",8
136.gexf,136_NR_0_NID_5_ER_0_EID_3.gexf,"[0, 5, 0, 3]",8
1370.gexf,1370_NR_0_NID_0_ER_0_EID_8.gexf,"[0, 0, 0, 8]",8
1372.gexf,1372_NR_0_NID_2_ER_0_EID_6.gexf,"[0, 2, 0, 6]",8
1373.gexf,1373_NR_0_NID_7_ER_0_EID_1.gexf,"[0, 7, 0, 1]",8
1374.gexf,1374_NR_0_NID_5_ER_0_EID_3.gexf,"[0, 5, 0, 3]",8
1377.gexf,1377_NR_0_NID_1_ER_0_EID_7.gexf,"[0, 1, 0, 7]",8
1378.gexf,1378_NR_0_NID_8_ER_0_EID_0.gexf,"[0, 8, 0, 0]",8
1380.gexf,1380_NR_0_NID_1_ER_0_EID_7.gexf,"[0, 1, 0, 7]",8
1382.gexf,1382_NR_0_NID_8_ER_0_EID_0.gexf,"[0, 8, 0, 0]",8
1384.gexf,1384_NR_0_NID_7_ER_0_EID_1.gexf,"[0, 7, 0, 1]",8
1385.gexf,1385_NR_0_NID_4_ER_0_EID_4.gexf,"[0, 4, 0, 4]",8
1386.gexf,1386_NR_0_NID_2_ER_0_EID_6.gexf,"[0, 2, 0, 6]",8
1388.gexf,1388_NR_0_NID_7_ER_0_EID_1.gexf,"[0, 7, 0, 1]",8
1389.gexf,1389_NR_0_NID_7_ER_0_EID_1.gexf,"[0, 7, 0, 1]",8
1390.gexf,1390_NR_0_NID_3_ER_0_EID_5.gexf,"[0, 3, 0, 5]",8
1391.gexf,1391_NR_0_NID_3_ER_0_EID_5.gexf,"[0, 3, 0, 5]",8
1392.gexf,1392_NR_0_NID_4_ER_0_EID_4.gexf,"[0, 4, 0, 4]",8
1393.gexf,1393_NR_0_NID_5_ER_0_EID_3.gexf,"[0, 5, 0, 3]",8
1395.gexf,1395_NR_0_NID_1_ER_0_EID_7.gexf,"[0, 1, 0, 7]",8
1396.gexf,1396_NR_0_NID_8_ER_0_EID_0.gexf,"[0, 8, 0, 0]",8
1398.gexf,1398_NR_0_NID_3_ER_0_EID_5.gexf,"[0, 3, 0, 5]",8
1399.gexf,1399_NR_0_NID_8_ER_0_EID_0.gexf,"[0, 8, 0, 0]",8
139.gexf,139_NR_0_NID_8_ER_0_EID_0.gexf,"[0, 8, 0, 0]",8
13.gexf,13_NR_0_NID_2_ER_0_EID_6.gexf,"[0, 2, 0, 6]",8
1401.gexf,1401_NR_0_NID_2_ER_0_EID_6.gexf,"[0, 2, 0, 6]",8
1403.gexf,1403_NR_0_NID_1_ER_0_EID_7.gexf,"[0, 1, 0, 7]",8
1404.gexf,1404_NR_0_NID_8_ER_0_EID_0.gexf,"[0, 8, 0, 0]",8
1406.gexf,1406_NR_0_NID_7_ER_0_EID_1.gexf,"[0, 7, 0, 1]",8
1408.gexf,1408_NR_0_NID_4_ER_0_EID_4.gexf,"[0, 4, 0, 4]",8
1409.gexf,1409_NR_0_NID_6_ER_0_EID_2.gexf,"[0, 6, 0, 2]",8
140.gexf,140_NR_0_NID_1_ER_0_EID_7.gexf,"[0, 1, 0, 7]",8
1411.gexf,1411_NR_0_NID_4_ER_0_EID_4.gexf,"[0, 4, 0, 4]",8
1412.gexf,1412_NR_0_NID_8_ER_0_EID_0.gexf,"[0, 8, 0, 0]",8
1415.gexf,1415_NR_0_NID_6_ER_0_EID_2.gexf,"[0, 6, 0, 2]",8
1416.gexf,1416_NR_0_NID_7_ER_0_EID_1.gexf,"[0, 7, 0, 1]",8
1418.gexf,1418_NR_0_NID_1_ER_0_EID_7.gexf,"[0, 1, 0, 7]",8
1419.gexf,1419_NR_0_NID_8_ER_0_EID_0.gexf,"[0, 8, 0, 0]",8
141.gexf,141_NR_0_NID_5_ER_0_EID_3.gexf,"[0, 5, 0, 3]",8
1420.gexf,1420_NR_0_NID_3_ER_0_EID_5.gexf,"[0, 3, 0, 5]",8
1421.gexf,1421_NR_0_NID_1_ER_0_EID_7.gexf,"[0, 1, 0, 7]",8
1422.gexf,1422_NR_0_NID_3_ER_0_EID_5.gexf,"[0, 3, 0, 5]",8
1425.gexf,1425_NR_0_NID_3_ER_0_EID_5.gexf,"[0, 3, 0, 5]",8
1426.gexf,1426_NR_0_NID_0_ER_0_EID_8.gexf,"[0, 0, 0, 8]",8
1427.gexf,1427_NR_0_NID_4_ER_0_EID_4.gexf,"[0, 4, 0, 4]",8
1428.gexf,1428_NR_0_NID_3_ER_0_EID_5.gexf,"[0, 3, 0, 5]",8
1429.gexf,1429_NR_0_NID_6_ER_0_EID_2.gexf,"[0, 6, 0, 2]",8
1430.gexf,1430_NR_0_NID_1_ER_0_EID_7.gexf,"[0, 1, 0, 7]",8
1431.gexf,1431_NR_0_NID_3_ER_0_EID_5.gexf,"[0, 3, 0, 5]",8
1432.gexf,1432_NR_0_NID_5_ER_0_EID_3.gexf,"[0, 5, 0, 3]",8
1433.gexf,1433_NR_0_NID_3_ER_0_EID_5.gexf,"[0, 3, 0, 5]",8
1434.gexf,1434_NR_0_NID_8_ER_0_EID_0.gexf,"[0, 8, 0, 0]",8
1435.gexf,1435_NR_0_NID_1_ER_0_EID_7.gexf,"[0, 1, 0, 7]",8
1436.gexf,1436_NR_0_NID_4_ER_0_EID_4.gexf,"[0, 4, 0, 4]",8
1437.gexf,1437_NR_0_NID_7_ER_0_EID_1.gexf,"[0, 7, 0, 1]",8
1438.gexf,1438_NR_0_NID_0_ER_0_EID_8.gexf,"[0, 0, 0, 8]",8
1439.gexf,1439_NR_0_NID_3_ER_0_EID_5.gexf,"[0, 3, 0, 5]",8
143.gexf,143_NR_0_NID_8_ER_0_EID_0.gexf,"[0, 8, 0, 0]",8
1440.gexf,1440_NR_0_NID_8_ER_0_EID_0.gexf,"[0, 8, 0, 0]",8
1441.gexf,1441_NR_0_NID_8_ER_0_EID_0.gexf,"[0, 8, 0, 0]",8
1442.gexf,1442_NR_0_NID_7_ER_0_EID_1.gexf,"[0, 7, 0, 1]",8
1443.gexf,1443_NR_0_NID_6_ER_0_EID_2.gexf,"[0, 6, 0, 2]",8
1444.gexf,1444_NR_0_NID_0_ER_0_EID_8.gexf,"[0, 0, 0, 8]",8
1445.gexf,1445_NR_0_NID_7_ER_0_EID_1.gexf,"[0, 7, 0, 1]",8
1446.gexf,1446_NR_0_NID_1_ER_0_EID_7.gexf,"[0, 1, 0, 7]",8
1448.gexf,1448_NR_0_NID_2_ER_0_EID_6.gexf,"[0, 2, 0, 6]",8
1449.gexf,1449_NR_0_NID_5_ER_0_EID_3.gexf,"[0, 5, 0, 3]",8
144.gexf,144_NR_0_NID_3_ER_0_EID_5.gexf,"[0, 3, 0, 5]",8
1450.gexf,1450_NR_0_NID_8_ER_0_EID_0.gexf,"[0, 8, 0, 0]",8
1451.gexf,1451_NR_0_NID_4_ER_0_EID_4.gexf,"[0, 4, 0, 4]",8
1452.gexf,1452_NR_0_NID_3_ER_0_EID_5.gexf,"[0, 3, 0, 5]",8
1453.gexf,1453_NR_0_NID_3_ER_0_EID_5.gexf,"[0, 3, 0, 5]",8
1454.gexf,1454_NR_0_NID_5_ER_0_EID_3.gexf,"[0, 5, 0, 3]",8
1455.gexf,1455_NR_0_NID_8_ER_0_EID_0.gexf,"[0, 8, 0, 0]",8
1456.gexf,1456_NR_0_NID_4_ER_0_EID_4.gexf,"[0, 4, 0, 4]",8
1457.gexf,1457_NR_0_NID_8_ER_0_EID_0.gexf,"[0, 8, 0, 0]",8
1458.gexf,1458_NR_0_NID_6_ER_0_EID_2.gexf,"[0, 6, 0, 2]",8
1459.gexf,1459_NR_0_NID_7_ER_0_EID_1.gexf,"[0, 7, 0, 1]",8
1460.gexf,1460_NR_0_NID_4_ER_0_EID_4.gexf,"[0, 4, 0, 4]",8
1461.gexf,1461_NR_0_NID_4_ER_0_EID_4.gexf,"[0, 4, 0, 4]",8
1462.gexf,1462_NR_0_NID_2_ER_0_EID_6.gexf,"[0, 2, 0, 6]",8
1463.gexf,1463_NR_0_NID_1_ER_0_EID_7.gexf,"[0, 1, 0, 7]",8
1464.gexf,1464_NR_0_NID_6_ER_0_EID_2.gexf,"[0, 6, 0, 2]",8
1467.gexf,1467_NR_0_NID_7_ER_0_EID_1.gexf,"[0, 7, 0, 1]",8
1468.gexf,1468_NR_0_NID_8_ER_0_EID_0.gexf,"[0, 8, 0, 0]",8
1469.gexf,1469_NR_0_NID_0_ER_0_EID_8.gexf,"[0, 0, 0, 8]",8
146.gexf,146_NR_0_NID_7_ER_0_EID_1.gexf,"[0, 7, 0, 1]",8
1470.gexf,1470_NR_0_NID_5_ER_0_EID_3.gexf,"[0, 5, 0, 3]",8
1471.gexf,1471_NR_0_NID_6_ER_0_EID_2.gexf,"[0, 6, 0, 2]",8
1472.gexf,1472_NR_0_NID_7_ER_0_EID_1.gexf,"[0, 7, 0, 1]",8
1473.gexf,1473_NR_0_NID_6_ER_0_EID_2.gexf,"[0, 6, 0, 2]",8
1474.gexf,1474_NR_0_NID_4_ER_0_EID_4.gexf,"[0, 4, 0, 4]",8
1476.gexf,1476_NR_0_NID_7_ER_0_EID_1.gexf,"[0, 7, 0, 1]",8
1477.gexf,1477_NR_0_NID_5_ER_0_EID_3.gexf,"[0, 5, 0, 3]",8
1478.gexf,1478_NR_0_NID_7_ER_0_EID_1.gexf,"[0, 7, 0, 1]",8
1479.gexf,1479_NR_0_NID_7_ER_0_EID_1.gexf,"[0, 7, 0, 1]",8
147.gexf,147_NR_0_NID_8_ER_0_EID_0.gexf,"[0, 8, 0, 0]",8
1480.gexf,1480_NR_0_NID_7_ER_0_EID_1.gexf,"[0, 7, 0, 1]",8
1481.gexf,1481_NR_0_NID_1_ER_0_EID_7.gexf,"[0, 1, 0, 7]",8
1483.gexf,1483_NR_0_NID_8_ER_0_EID_0.gexf,"[0, 8, 0, 0]",8
1484.gexf,1484_NR_0_NID_7_ER_0_EID_1.gexf,"[0, 7, 0, 1]",8
1485.gexf,1485_NR_0_NID_5_ER_0_EID_3.gexf,"[0, 5, 0, 3]",8
1486.gexf,1486_NR_0_NID_1_ER_0_EID_7.gexf,"[0, 1, 0, 7]",8
1487.gexf,1487_NR_0_NID_5_ER_0_EID_3.gexf,"[0, 5, 0, 3]",8
1488.gexf,1488_NR_0_NID_8_ER_0_EID_0.gexf,"[0, 8, 0, 0]",8
1489.gexf,1489_NR_0_NID_4_ER_0_EID_4.gexf,"[0, 4, 0, 4]",8
148.gexf,148_NR_0_NID_8_ER_0_EID_0.gexf,"[0, 8, 0, 0]",8
1492.gexf,1492_NR_0_NID_5_ER_0_EID_3.gexf,"[0, 5, 0, 3]",8
1493.gexf,1493_NR_0_NID_6_ER_0_EID_2.gexf,"[0, 6, 0, 2]",8
1494.gexf,1494_NR_0_NID_1_ER_0_EID_7.gexf,"[0, 1, 0, 7]",8
1495.gexf,1495_NR_0_NID_4_ER_0_EID_4.gexf,"[0, 4, 0, 4]",8
1496.gexf,1496_NR_0_NID_4_ER_0_EID_4.gexf,"[0, 4, 0, 4]",8
1497.gexf,1497_NR_0_NID_8_ER_0_EID_0.gexf,"[0, 8, 0, 0]",8
1498.gexf,1498_NR_0_NID_6_ER_0_EID_2.gexf,"[0, 6, 0, 2]",8
1499.gexf,1499_NR_0_NID_6_ER_0_EID_2.gexf,"[0, 6, 0, 2]",8
150.gexf,150_NR_0_NID_7_ER_0_EID_1.gexf,"[0, 7, 0, 1]",8
151.gexf,151_NR_0_NID_0_ER_0_EID_7.gexf,"[0, 0, 0, 7]",7
153.gexf,153_NR_0_NID_6_ER_0_EID_2.gexf,"[0, 6, 0, 2]",8
154.gexf,154_NR_0_NID_4_ER_0_EID_4.gexf,"[0, 4, 0, 4]",8
156.gexf,156_NR_0_NID_7_ER_0_EID_1.gexf,"[0, 7, 0, 1]",8
157.gexf,157_NR_0_NID_6_ER_0_EID_2.gexf,"[0, 6, 0, 2]",8
158.gexf,158_NR_0_NID_2_ER_0_EID_6.gexf,"[0, 2, 0, 6]",8
159.gexf,159_NR_0_NID_3_ER_0_EID_5.gexf,"[0, 3, 0, 5]",8
15.gexf,15_NR_0_NID_2_ER_0_EID_6.gexf,"[0, 2, 0, 6]",8
160.gexf,160_NR_0_NID_1_ER_0_EID_7.gexf,"[0, 1, 0, 7]",8
161.gexf,161_NR_0_NID_0_ER_0_EID_8.gexf,"[0, 0, 0, 8]",8
162.gexf,162_NR_0_NID_3_ER_0_EID_5.gexf,"[0, 3, 0, 5]",8
163.gexf,163_NR_0_NID_7_ER_0_EID_1.gexf,"[0, 7, 0, 1]",8
164.gexf,164_NR_0_NID_2_ER_0_EID_6.gexf,"[0, 2, 0, 6]",8
165.gexf,165_NR_0_NID_2_ER_0_EID_6.gexf,"[0, 2, 0, 6]",8
166.gexf,166_NR_0_NID_0_ER_0_EID_8.gexf,"[0, 0, 0, 8]",8
167.gexf,167_NR_0_NID_5_ER_0_EID_3.gexf,"[0, 5, 0, 3]",8
168.gexf,168_NR_0_NID_4_ER_0_EID_4.gexf,"[0, 4, 0, 4]",8
169.gexf,169_NR_0_NID_1_ER_0_EID_7.gexf,"[0, 1, 0, 7]",8
16.gexf,16_NR_0_NID_7_ER_0_EID_1.gexf,"[0, 7, 0, 1]",8
170.gexf,170_NR_0_NID_6_ER_0_EID_2.gexf,"[0, 6, 0, 2]",8
171.gexf,171_NR_0_NID_6_ER_0_EID_2.gexf,"[0, 6, 0, 2]",8
172.gexf,172_NR_0_NID_6_ER_0_EID_2.gexf,"[0, 6, 0, 2]",8
175.gexf,175_NR_0_NID_7_ER_0_EID_1.gexf,"[0, 7, 0, 1]",8
176.gexf,176_NR_0_NID_1_ER_0_EID_7.gexf,"[0, 1, 0, 7]",8
177.gexf,177_NR_0_NID_8_ER_0_EID_0.gexf,"[0, 8, 0, 0]",8
178.gexf,178_NR_0_NID_7_ER_0_EID_1.gexf,"[0, 7, 0, 1]",8
179.gexf,179_NR_0_NID_1_ER_0_EID_7.gexf,"[0, 1, 0, 7]",8
17.gexf,17_NR_0_NID_7_ER_0_EID_1.gexf,"[0, 7, 0, 1]",8
181.gexf,181_NR_0_NID_1_ER_0_EID_7.gexf,"[0, 1, 0, 7]",8
183.gexf,183_NR_0_NID_3_ER_0_EID_5.gexf,"[0, 3, 0, 5]",8
184.gexf,184_NR_0_NID_3_ER_0_EID_5.gexf,"[0, 3, 0, 5]",8
185.gexf,185_NR_0_NID_8_ER_0_EID_0.gexf,"[0, 8, 0, 0]",8
188.gexf,188_NR_0_NID_5_ER_0_EID_3.gexf,"[0, 5, 0, 3]",8
189.gexf,189_NR_0_NID_6_ER_0_EID_2.gexf,"[0, 6, 0, 2]",8
18.gexf,18_NR_0_NID_0_ER_0_EID_8.gexf,"[0, 0, 0, 8]",8
190.gexf,190_NR_0_NID_0_ER_0_EID_8.gexf,"[0, 0, 0, 8]",8
191.gexf,191_NR_0_NID_7_ER_0_EID_1.gexf,"[0, 7, 0, 1]",8
192.gexf,192_NR_0_NID_6_ER_0_EID_2.gexf,"[0, 6, 0, 2]",8
193.gexf,193_NR_0_NID_0_ER_0_EID_8.gexf,"[0, 0, 0, 8]",8
194.gexf,194_NR_0_NID_7_ER_0_EID_1.gexf,"[0, 7, 0, 1]",8
195.gexf,195_NR_0_NID_2_ER_0_EID_6.gexf,"[0, 2, 0, 6]",8
196.gexf,196_NR_0_NID_8_ER_0_EID_0.gexf,"[0, 8, 0, 0]",8
197.gexf,197_NR_0_NID_2_ER_0_EID_6.gexf,"[0, 2, 0, 6]",8
198.gexf,198_NR_0_NID_8_ER_0_EID_0.gexf,"[0, 8, 0, 0]",8
199.gexf,199_NR_0_NID_8_ER_0_EID_0.gexf,"[0, 8, 0, 0]",8
19.gexf,19_NR_0_NID_4_ER_0_EID_4.gexf,"[0, 4, 0, 4]",8
1.gexf,1_NR_0_NID_2_ER_0_EID_6.gexf,"[0, 2, 0, 6]",8
200.gexf,200_NR_0_NID_1_ER_0_EID_7.gexf,"[0, 1, 0, 7]",8
201.gexf,201_NR_0_NID_2_ER_0_EID_6.gexf,"[0, 2, 0, 6]",8
202.gexf,202_NR_0_NID_8_ER_0_EID_0.gexf,"[0, 8, 0, 0]",8
203.gexf,203_NR_0_NID_1_ER_0_EID_7.gexf,"[0, 1, 0, 7]",8
204.gexf,204_NR_0_NID_7_ER_0_EID_1.gexf,"[0, 7, 0, 1]",8
206.gexf,206_NR_0_NID_6_ER_0_EID_2.gexf,"[0, 6, 0, 2]",8
208.gexf,208_NR_0_NID_4_ER_0_EID_4.gexf,"[0, 4, 0, 4]",8
209.gexf,209_NR_0_NID_6_ER_0_EID_2.gexf,"[0, 6, 0, 2]",8
20.gexf,20_NR_0_NID_3_ER_0_EID_5.gexf,"[0, 3, 0, 5]",8
210.gexf,210_NR_0_NID_3_ER_0_EID_5.gexf,"[0, 3, 0, 5]",8
211.gexf,211_NR_0_NID_1_ER_0_EID_7.gexf,"[0, 1, 0, 7]",8
212.gexf,212_NR_0_NID_2_ER_0_EID_6.gexf,"[0, 2, 0, 6]",8
213.gexf,213_NR_0_NID_2_ER_0_EID_6.gexf,"[0, 2, 0, 6]",8
214.gexf,214_NR_0_NID_6_ER_0_EID_2.gexf,"[0, 6, 0, 2]",8
216.gexf,216_NR_0_NID_6_ER_0_EID_2.gexf,"[0, 6, 0, 2]",8
217.gexf,217_NR_0_NID_7_ER_0_EID_1.gexf,"[0, 7, 0, 1]",8
218.gexf,218_NR_0_NID_5_ER_0_EID_3.gexf,"[0, 5, 0, 3]",8
219.gexf,219_NR_0_NID_4_ER_0_EID_4.gexf,"[0, 4, 0, 4]",8
21.gexf,21_NR_0_NID_3_ER_0_EID_5.gexf,"[0, 3, 0, 5]",8
220.gexf,220_NR_0_NID_7_ER_0_EID_1.gexf,"[0, 7, 0, 1]",8
221.gexf,221_NR_0_NID_7_ER_0_EID_1.gexf,"[0, 7, 0, 1]",8
222.gexf,222_NR_0_NID_3_ER_0_EID_5.gexf,"[0, 3, 0, 5]",8
223.gexf,223_NR_0_NID_5_ER_0_EID_3.gexf,"[0, 5, 0, 3]",8
224.gexf,224_NR_0_NID_3_ER_0_EID_5.gexf,"[0, 3, 0, 5]",8
225.gexf,225_NR_0_NID_4_ER_0_EID_4.gexf,"[0, 4, 0, 4]",8
227.gexf,227_NR_0_NID_3_ER_0_EID_5.gexf,"[0, 3, 0, 5]",8
229.gexf,229_NR_0_NID_0_ER_0_EID_8.gexf,"[0, 0, 0, 8]",8
22.gexf,22_NR_0_NID_5_ER_0_EID_3.gexf,"[0, 5, 0, 3]",8
230.gexf,230_NR_0_NID_5_ER_0_EID_3.gexf,"[0, 5, 0, 3]",8
231.gexf,231_NR_0_NID_0_ER_0_EID_7.gexf,"[0, 0, 0, 7]",7
232.gexf,232_NR_0_NID_0_ER_0_EID_8.gexf,"[0, 0, 0, 8]",8
233.gexf,233_NR_0_NID_2_ER_0_EID_6.gexf,"[0, 2, 0, 6]",8
234.gexf,234_NR_0_NID_5_ER_0_EID_3.gexf,"[0, 5, 0, 3]",8
235.gexf,235_NR_0_NID_8_ER_0_EID_0.gexf,"[0, 8, 0, 0]",8
236.gexf,236_NR_0_NID_5_ER_0_EID_3.gexf,"[0, 5, 0, 3]",8
23.gexf,23_NR_0_NID_1_ER_0_EID_7.gexf,"[0, 1, 0, 7]",8
240.gexf,240_NR_0_NID_3_ER_0_EID_5.gexf,"[0, 3, 0, 5]",8
241.gexf,241_NR_0_NID_4_ER_0_EID_4.gexf,"[0, 4, 0, 4]",8
242.gexf,242_NR_0_NID_1_ER_0_EID_7.gexf,"[0, 1, 0, 7]",8
243.gexf,243_NR_0_NID_3_ER_0_EID_5.gexf,"[0, 3, 0, 5]",8
244.gexf,244_NR_0_NID_0_ER_0_EID_8.gexf,"[0, 0, 0, 8]",8
245.gexf,245_NR_0_NID_4_ER_0_EID_4.gexf,"[0, 4, 0, 4]",8
246.gexf,246_NR_0_NID_2_ER_0_EID_6.gexf,"[0, 2, 0, 6]",8
248.gexf,248_NR_0_NID_0_ER_0_EID_8.gexf,"[0, 0, 0, 8]",8
249.gexf,249_NR_0_NID_0_ER_0_EID_8.gexf,"[0, 0, 0, 8]",8
24.gexf,24_NR_0_NID_8_ER_0_EID_0.gexf,"[0, 8, 0, 0]",8
250.gexf,250_NR_0_NID_4_ER_0_EID_4.gexf,"[0, 4, 0, 4]",8
251.gexf,251_NR_0_NID_7_ER_0_EID_1.gexf,"[0, 7, 0, 1]",8
252.gexf,252_NR_0_NID_3_ER_0_EID_5.gexf,"[0, 3, 0, 5]",8
253.gexf,253_NR_0_NID_6_ER_0_EID_2.gexf,"[0, 6, 0, 2]",8
254.gexf,254_NR_0_NID_1_ER_0_EID_7.gexf,"[0, 1, 0, 7]",8
255.gexf,255_NR_0_NID_0_ER_0_EID_8.gexf,"[0, 0, 0, 8]",8
256.gexf,256_NR_0_NID_8_ER_0_EID_0.gexf,"[0, 8, 0, 0]",8
258.gexf,258_NR_0_NID_2_ER_0_EID_6.gexf,"[0, 2, 0, 6]",8
25.gexf,25_NR_0_NID_4_ER_0_EID_4.gexf,"[0, 4, 0, 4]",8
260.gexf,260_NR_0_NID_3_ER_0_EID_5.gexf,"[0, 3, 0, 5]",8
261.gexf,261_NR_0_NID_4_ER_0_EID_4.gexf,"[0, 4, 0, 4]",8
262.gexf,262_NR_0_NID_7_ER_0_EID_1.gexf,"[0, 7, 0, 1]",8
263.gexf,263_NR_0_NID_4_ER_0_EID_4.gexf,"[0, 4, 0, 4]",8
264.gexf,264_NR_0_NID_1_ER_0_EID_7.gexf,"[0, 1, 0, 7]",8
265.gexf,265_NR_0_NID_1_ER_0_EID_7.gexf,"[0, 1, 0, 7]",8
266.gexf,266_NR_0_NID_0_ER_0_EID_8.gexf,"[0, 0, 0, 8]",8
267.gexf,267_NR_0_NID_6_ER_0_EID_2.gexf,"[0, 6, 0, 2]",8
268.gexf,268_NR_0_NID_0_ER_0_EID_8.gexf,"[0, 0, 0, 8]",8
269.gexf,269_NR_0_NID_6_ER_0_EID_2.gexf,"[0, 6, 0, 2]",8
26.gexf,26_NR_0_NID_3_ER_0_EID_5.gexf,"[0, 3, 0, 5]",8
271.gexf,271_NR_0_NID_8_ER_0_EID_0.gexf,"[0, 8, 0, 0]",8
272.gexf,272_NR_0_NID_4_ER_0_EID_4.gexf,"[0, 4, 0, 4]",8
273.gexf,273_NR_0_NID_0_ER_0_EID_8.gexf,"[0, 0, 0, 8]",8
274.gexf,274_NR_0_NID_4_ER_0_EID_4.gexf,"[0, 4, 0, 4]",8
275.gexf,275_NR_0_NID_2_ER_0_EID_6.gexf,"[0, 2, 0, 6]",8
276.gexf,276_NR_0_NID_2_ER_0_EID_6.gexf,"[0, 2, 0, 6]",8
277.gexf,277_NR_0_NID_7_ER_0_EID_1.gexf,"[0, 7, 0, 1]",8
279.gexf,279_NR_0_NID_4_ER_0_EID_4.gexf,"[0, 4, 0, 4]",8
27.gexf,27_NR_0_NID_1_ER_0_EID_7.gexf,"[0, 1, 0, 7]",8
280.gexf,280_NR_0_NID_4_ER_0_EID_4.gexf,"[0, 4, 0, 4]",8
281.gexf,281_NR_0_NID_4_ER_0_EID_4.gexf,"[0, 4, 0, 4]",8
282.gexf,282_NR_0_NID_8_ER_0_EID_0.gexf,"[0, 8, 0, 0]",8
283.gexf,283_NR_0_NID_8_ER_0_EID_0.gexf,"[0, 8, 0, 0]",8
284.gexf,284_NR_0_NID_7_ER_0_EID_1.gexf,"[0, 7, 0, 1]",8
285.gexf,285_NR_0_NID_7_ER_0_EID_1.gexf,"[0, 7, 0, 1]",8
286.gexf,286_NR_0_NID_6_ER_0_EID_2.gexf,"[0, 6, 0, 2]",8
287.gexf,287_NR_0_NID_0_ER_0_EID_8.gexf,"[0, 0, 0, 8]",8
288.gexf,288_NR_0_NID_5_ER_0_EID_3.gexf,"[0, 5, 0, 3]",8
289.gexf,289_NR_0_NID_8_ER_0_EID_0.gexf,"[0, 8, 0, 0]",8
28.gexf,28_NR_0_NID_0_ER_0_EID_8.gexf,"[0, 0, 0, 8]",8
291.gexf,291_NR_0_NID_0_ER_0_EID_8.gexf,"[0, 0, 0, 8]",8
293.gexf,293_NR_0_NID_0_ER_0_EID_8.gexf,"[0, 0, 0, 8]",8
294.gexf,294_NR_0_NID_7_ER_0_EID_1.gexf,"[0, 7, 0, 1]",8
295.gexf,295_NR_0_NID_0_ER_0_EID_8.gexf,"[0, 0, 0, 8]",8
296.gexf,296_NR_0_NID_3_ER_0_EID_5.gexf,"[0, 3, 0, 5]",8
297.gexf,297_NR_0_NID_6_ER_0_EID_2.gexf,"[0, 6, 0, 2]",8
298.gexf,298_NR_0_NID_0_ER_0_EID_8.gexf,"[0, 0, 0, 8]",8
299.gexf,299_NR_0_NID_7_ER_0_EID_1.gexf,"[0, 7, 0, 1]",8
29.gexf,29_NR_0_NID_6_ER_0_EID_2.gexf,"[0, 6, 0, 2]",8
2.gexf,2_NR_0_NID_7_ER_0_EID_1.gexf,"[0, 7, 0, 1]",8
300.gexf,300_NR_0_NID_1_ER_0_EID_7.gexf,"[0, 1, 0, 7]",8
301.gexf,301_NR_0_NID_4_ER_0_EID_4.gexf,"[0, 4, 0, 4]",8
303.gexf,303_NR_0_NID_3_ER_0_EID_5.gexf,"[0, 3, 0, 5]",8
304.gexf,304_NR_0_NID_7_ER_0_EID_1.gexf,"[0, 7, 0, 1]",8
305.gexf,305_NR_0_NID_6_ER_0_EID_2.gexf,"[0, 6, 0, 2]",8
306.gexf,306_NR_0_NID_7_ER_0_EID_1.gexf,"[0, 7, 0, 1]",8
307.gexf,307_NR_0_NID_3_ER_0_EID_5.gexf,"[0, 3, 0, 5]",8
308.gexf,308_NR_0_NID_7_ER_0_EID_1.gexf,"[0, 7, 0, 1]",8
309.gexf,309_NR_0_NID_5_ER_0_EID_3.gexf,"[0, 5, 0, 3]",8
30.gexf,30_NR_0_NID_2_ER_0_EID_6.gexf,"[0, 2, 0, 6]",8
310.gexf,310_NR_0_NID_5_ER_0_EID_3.gexf,"[0, 5, 0, 3]",8
311.gexf,311_NR_0_NID_7_ER_0_EID_1.gexf,"[0, 7, 0, 1]",8
312.gexf,312_NR_0_NID_4_ER_0_EID_4.gexf,"[0, 4, 0, 4]",8
313.gexf,313_NR_0_NID_4_ER_0_EID_4.gexf,"[0, 4, 0, 4]",8
314.gexf,314_NR_0_NID_4_ER_0_EID_4.gexf,"[0, 4, 0, 4]",8
315.gexf,315_NR_0_NID_2_ER_0_EID_6.gexf,"[0, 2, 0, 6]",8
316.gexf,316_NR_0_NID_1_ER_0_EID_7.gexf,"[0, 1, 0, 7]",8
317.gexf,317_NR_0_NID_5_ER_0_EID_3.gexf,"[0, 5, 0, 3]",8
318.gexf,318_NR_0_NID_5_ER_0_EID_3.gexf,"[0, 5, 0, 3]",8
319.gexf,319_NR_0_NID_5_ER_0_EID_3.gexf,"[0, 5, 0, 3]",8
31.gexf,31_NR_0_NID_6_ER_0_EID_2.gexf,"[0, 6, 0, 2]",8
321.gexf,321_NR_0_NID_0_ER_0_EID_8.gexf,"[0, 0, 0, 8]",8
322.gexf,322_NR_0_NID_2_ER_0_EID_6.gexf,"[0, 2, 0, 6]",8
323.gexf,323_NR_0_NID_4_ER_0_EID_4.gexf,"[0, 4, 0, 4]",8
325.gexf,325_NR_0_NID_5_ER_0_EID_3.gexf,"[0, 5, 0, 3]",8
327.gexf,327_NR_0_NID_1_ER_0_EID_7.gexf,"[0, 1, 0, 7]",8
328.gexf,328_NR_0_NID_3_ER_0_EID_5.gexf,"[0, 3, 0, 5]",8
329.gexf,329_NR_0_NID_6_ER_0_EID_2.gexf,"[0, 6, 0, 2]",8
32.gexf,32_NR_0_NID_3_ER_0_EID_5.gexf,"[0, 3, 0, 5]",8
330.gexf,330_NR_0_NID_2_ER_0_EID_6.gexf,"[0, 2, 0, 6]",8
331.gexf,331_NR_0_NID_6_ER_0_EID_2.gexf,"[0, 6, 0, 2]",8
332.gexf,332_NR_0_NID_2_ER_0_EID_6.gexf,"[0, 2, 0, 6]",8
333.gexf,333_NR_0_NID_2_ER_0_EID_6.gexf,"[0, 2, 0, 6]",8
334.gexf,334_NR_0_NID_8_ER_0_EID_0.gexf,"[0, 8, 0, 0]",8
335.gexf,335_NR_0_NID_1_ER_0_EID_7.gexf,"[0, 1, 0, 7]",8
337.gexf,337_NR_0_NID_0_ER_0_EID_8.gexf,"[0, 0, 0, 8]",8
338.gexf,338_NR_0_NID_4_ER_0_EID_4.gexf,"[0, 4, 0, 4]",8
339.gexf,339_NR_0_NID_2_ER_0_EID_6.gexf,"[0, 2, 0, 6]",8
342.gexf,342_NR_0_NID_3_ER_0_EID_5.gexf,"[0, 3, 0, 5]",8
343.gexf,343_NR_0_NID_5_ER_0_EID_3.gexf,"[0, 5, 0, 3]",8
345.gexf,345_NR_0_NID_0_ER_0_EID_8.gexf,"[0, 0, 0, 8]",8
347.gexf,347_NR_0_NID_2_ER_0_EID_6.gexf,"[0, 2, 0, 6]",8
348.gexf,348_NR_0_NID_5_ER_0_EID_3.gexf,"[0, 5, 0, 3]",8
349.gexf,349_NR_0_NID_2_ER_0_EID_6.gexf,"[0, 2, 0, 6]",8
34.gexf,34_NR_0_NID_3_ER_0_EID_5.gexf,"[0, 3, 0, 5]",8
351.gexf,351_NR_0_NID_3_ER_0_EID_5.gexf,"[0, 3, 0, 5]",8
355.gexf,355_NR_0_NID_4_ER_0_EID_4.gexf,"[0, 4, 0, 4]",8
356.gexf,356_NR_0_NID_7_ER_0_EID_1.gexf,"[0, 7, 0, 1]",8
357.gexf,357_NR_0_NID_0_ER_0_EID_8.gexf,"[0, 0, 0, 8]",8
358.gexf,358_NR_0_NID_5_ER_0_EID_3.gexf,"[0, 5, 0, 3]",8
360.gexf,360_NR_0_NID_3_ER_0_EID_5.gexf,"[0, 3, 0, 5]",8
361.gexf,361_NR_0_NID_6_ER_0_EID_2.gexf,"[0, 6, 0, 2]",8
362.gexf,362_NR_0_NID_4_ER_0_EID_4.gexf,"[0, 4, 0, 4]",8
364.gexf,364_NR_0_NID_8_ER_0_EID_0.gexf,"[0, 8, 0, 0]",8
365.gexf,365_NR_0_NID_1_ER_0_EID_7.gexf,"[0, 1, 0, 7]",8
366.gexf,366_NR_0_NID_8_ER_0_EID_0.gexf,"[0, 8, 0, 0]",8
368.gexf,368_NR_0_NID_5_ER_0_EID_3.gexf,"[0, 5, 0, 3]",8
369.gexf,369_NR_0_NID_8_ER_0_EID_0.gexf,"[0, 8, 0, 0]",8
370.gexf,370_NR_0_NID_3_ER_0_EID_5.gexf,"[0, 3, 0, 5]",8
371.gexf,371_NR_0_NID_3_ER_0_EID_5.gexf,"[0, 3, 0, 5]",8
372.gexf,372_NR_0_NID_5_ER_0_EID_3.gexf,"[0, 5, 0, 3]",8
373.gexf,373_NR_0_NID_1_ER_0_EID_7.gexf,"[0, 1, 0, 7]",8
374.gexf,374_NR_0_NID_2_ER_0_EID_6.gexf,"[0, 2, 0, 6]",8
375.gexf,375_NR_0_NID_4_ER_0_EID_4.gexf,"[0, 4, 0, 4]",8
376.gexf,376_NR_0_NID_5_ER_0_EID_3.gexf,"[0, 5, 0, 3]",8
377.gexf,377_NR_0_NID_8_ER_0_EID_0.gexf,"[0, 8, 0, 0]",8
379.gexf,379_NR_0_NID_7_ER_0_EID_1.gexf,"[0, 7, 0, 1]",8
37.gexf,37_NR_0_NID_4_ER_0_EID_4.gexf,"[0, 4, 0, 4]",8
381.gexf,381_NR_0_NID_3_ER_0_EID_5.gexf,"[0, 3, 0, 5]",8
383.gexf,383_NR_0_NID_6_ER_0_EID_2.gexf,"[0, 6, 0, 2]",8
385.gexf,385_NR_0_NID_4_ER_0_EID_4.gexf,"[0, 4, 0, 4]",8
386.gexf,386_NR_0_NID_0_ER_0_EID_8.gexf,"[0, 0, 0, 8]",8
387.gexf,387_NR_0_NID_7_ER_0_EID_1.gexf,"[0, 7, 0, 1]",8
388.gexf,388_NR_0_NID_7_ER_0_EID_1.gexf,"[0, 7, 0, 1]",8
389.gexf,389_NR_0_NID_4_ER_0_EID_4.gexf,"[0, 4, 0, 4]",8
390.gexf,390_NR_0_NID_6_ER_0_EID_2.gexf,"[0, 6, 0, 2]",8
392.gexf,392_NR_0_NID_7_ER_0_EID_1.gexf,"[0, 7, 0, 1]",8
394.gexf,394_NR_0_NID_5_ER_0_EID_3.gexf,"[0, 5, 0, 3]",8
395.gexf,395_NR_0_NID_0_ER_0_EID_7.gexf,"[0, 0, 0, 7]",7
396.gexf,396_NR_0_NID_8_ER_0_EID_0.gexf,"[0, 8, 0, 0]",8
398.gexf,398_NR_0_NID_0_ER_0_EID_8.gexf,"[0, 0, 0, 8]",8
399.gexf,399_NR_0_NID_2_ER_0_EID_6.gexf,"[0, 2, 0, 6]",8
39.gexf,39_NR_0_NID_4_ER_0_EID_4.gexf,"[0, 4, 0, 4]",8
3.gexf,3_NR_0_NID_7_ER_0_EID_1.gexf,"[0, 7, 0, 1]",8
402.gexf,402_NR_0_NID_2_ER_0_EID_6.gexf,"[0, 2, 0, 6]",8
403.gexf,403_NR_0_NID_8_ER_0_EID_0.gexf,"[0, 8, 0, 0]",8
407.gexf,407_NR_0_NID_4_ER_0_EID_4.gexf,"[0, 4, 0, 4]",8
408.gexf,408_NR_0_NID_8_ER_0_EID_0.gexf,"[0, 8, 0, 0]",8
409.gexf,409_NR_0_NID_0_ER_0_EID_8.gexf,"[0, 0, 0, 8]",8
40.gexf,40_NR_0_NID_0_ER_0_EID_8.gexf,"[0, 0, 0, 8]",8
410.gexf,410_NR_0_NID_6_ER_0_EID_2.gexf,"[0, 6, 0, 2]",8
411.gexf,411_NR_0_NID_1_ER_0_EID_7.gexf,"[0, 1, 0, 7]",8
412.gexf,412_NR_0_NID_4_ER_0_EID_4.gexf,"[0, 4, 0, 4]",8
414.gexf,414_NR_0_NID_8_ER_0_EID_0.gexf,"[0, 8, 0, 0]",8
415.gexf,415_NR_0_NID_1_ER_0_EID_7.gexf,"[0, 1, 0, 7]",8
416.gexf,416_NR_0_NID_2_ER_0_EID_6.gexf,"[0, 2, 0, 6]",8
417.gexf,417_NR_0_NID_8_ER_0_EID_0.gexf,"[0, 8, 0, 0]",8
418.gexf,418_NR_0_NID_3_ER_0_EID_5.gexf,"[0, 3, 0, 5]",8
419.gexf,419_NR_0_NID_8_ER_0_EID_0.gexf,"[0, 8, 0, 0]",8
41.gexf,41_NR_0_NID_7_ER_0_EID_1.gexf,"[0, 7, 0, 1]",8
420.gexf,420_NR_0_NID_0_ER_0_EID_8.gexf,"[0, 0, 0, 8]",8
421.gexf,421_NR_0_NID_5_ER_0_EID_3.gexf,"[0, 5, 0, 3]",8
422.gexf,422_NR_0_NID_3_ER_0_EID_5.gexf,"[0, 3, 0, 5]",8
423.gexf,423_NR_0_NID_2_ER_0_EID_6.gexf,"[0, 2, 0, 6]",8
424.gexf,424_NR_0_NID_4_ER_0_EID_4.gexf,"[0, 4, 0, 4]",8
425.gexf,425_NR_0_NID_3_ER_0_EID_5.gexf,"[0, 3, 0, 5]",8
426.gexf,426_NR_0_NID_6_ER_0_EID_2.gexf,"[0, 6, 0, 2]",8
427.gexf,427_NR_0_NID_5_ER_0_EID_3.gexf,"[0, 5, 0, 3]",8
428.gexf,428_NR_0_NID_5_ER_0_EID_3.gexf,"[0, 5, 0, 3]",8
429.gexf,429_NR_0_NID_6_ER_0_EID_2.gexf,"[0, 6, 0, 2]",8
42.gexf,42_NR_0_NID_5_ER_0_EID_3.gexf,"[0, 5, 0, 3]",8
430.gexf,430_NR_0_NID_6_ER_0_EID_2.gexf,"[0, 6, 0, 2]",8
431.gexf,431_NR_0_NID_2_ER_0_EID_6.gexf,"[0, 2, 0, 6]",8
433.gexf,433_NR_0_NID_1_ER_0_EID_7.gexf,"[0, 1, 0, 7]",8
438.gexf,438_NR_0_NID_7_ER_0_EID_1.gexf,"[0, 7, 0, 1]",8
439.gexf,439_NR_0_NID_8_ER_0_EID_0.gexf,"[0, 8, 0, 0]",8
43.gexf,43_NR_0_NID_1_ER_0_EID_7.gexf,"[0, 1, 0, 7]",8
443.gexf,443_NR_0_NID_1_ER_0_EID_7.gexf,"[0, 1, 0, 7]",8
444.gexf,444_NR_0_NID_4_ER_0_EID_4.gexf,"[0, 4, 0, 4]",8
447.gexf,447_NR_0_NID_5_ER_0_EID_3.gexf,"[0, 5, 0, 3]",8
448.gexf,448_NR_0_NID_6_ER_0_EID_2.gexf,"[0, 6, 0, 2]",8
44.gexf,44_NR_0_NID_8_ER_0_EID_0.gexf,"[0, 8, 0, 0]",8
451.gexf,451_NR_0_NID_4_ER_0_EID_4.gexf,"[0, 4, 0, 4]",8
454.gexf,454_NR_0_NID_0_ER_0_EID_8.gexf,"[0, 0, 0, 8]",8
456.gexf,456_NR_0_NID_3_ER_0_EID_5.gexf,"[0, 3, 0, 5]",8
457.gexf,457_NR_0_NID_1_ER_0_EID_7.gexf,"[0, 1, 0, 7]",8
458.gexf,458_NR_0_NID_6_ER_0_EID_2.gexf,"[0, 6, 0, 2]",8
459.gexf,459_NR_0_NID_0_ER_0_EID_7.gexf,"[0, 0, 0, 7]",7
45.gexf,45_NR_0_NID_7_ER_0_EID_1.gexf,"[0, 7, 0, 1]",8
460.gexf,460_NR_0_NID_2_ER_0_EID_6.gexf,"[0, 2, 0, 6]",8
461.gexf,461_NR_0_NID_7_ER_0_EID_1.gexf,"[0, 7, 0, 1]",8
462.gexf,462_NR_0_NID_2_ER_0_EID_6.gexf,"[0, 2, 0, 6]",8
464.gexf,464_NR_0_NID_2_ER_0_EID_6.gexf,"[0, 2, 0, 6]",8
465.gexf,465_NR_0_NID_6_ER_0_EID_2.gexf,"[0, 6, 0, 2]",8
466.gexf,466_NR_0_NID_6_ER_0_EID_2.gexf,"[0, 6, 0, 2]",8
467.gexf,467_NR_0_NID_0_ER_0_EID_8.gexf,"[0, 0, 0, 8]",8
468.gexf,468_NR_0_NID_4_ER_0_EID_4.gexf,"[0, 4, 0, 4]",8
469.gexf,469_NR_0_NID_2_ER_0_EID_6.gexf,"[0, 2, 0, 6]",8
46.gexf,46_NR_0_NID_3_ER_0_EID_5.gexf,"[0, 3, 0, 5]",8
470.gexf,470_NR_0_NID_0_ER_0_EID_8.gexf,"[0, 0, 0, 8]",8
472.gexf,472_NR_0_NID_5_ER_0_EID_3.gexf,"[0, 5, 0, 3]",8
475.gexf,475_NR_0_NID_2_ER_0_EID_6.gexf,"[0, 2, 0, 6]",8
478.gexf,478_NR_0_NID_4_ER_0_EID_4.gexf,"[0, 4, 0, 4]",8
481.gexf,481_NR_0_NID_0_ER_0_EID_8.gexf,"[0, 0, 0, 8]",8
482.gexf,482_NR_0_NID_3_ER_0_EID_5.gexf,"[0, 3, 0, 5]",8
483.gexf,483_NR_0_NID_1_ER_0_EID_7.gexf,"[0, 1, 0, 7]",8
484.gexf,484_NR_0_NID_7_ER_0_EID_1.gexf,"[0, 7, 0, 1]",8
485.gexf,485_NR_0_NID_0_ER_0_EID_8.gexf,"[0, 0, 0, 8]",8
486.gexf,486_NR_0_NID_6_ER_0_EID_2.gexf,"[0, 6, 0, 2]",8
487.gexf,487_NR_0_NID_5_ER_0_EID_3.gexf,"[0, 5, 0, 3]",8
488.gexf,488_NR_0_NID_7_ER_0_EID_1.gexf,"[0, 7, 0, 1]",8
489.gexf,489_NR_0_NID_2_ER_0_EID_6.gexf,"[0, 2, 0, 6]",8
48.gexf,48_NR_0_NID_5_ER_0_EID_3.gexf,"[0, 5, 0, 3]",8
490.gexf,490_NR_0_NID_2_ER_0_EID_6.gexf,"[0, 2, 0, 6]",8
491.gexf,491_NR_0_NID_4_ER_0_EID_4.gexf,"[0, 4, 0, 4]",8
492.gexf,492_NR_0_NID_5_ER_0_EID_3.gexf,"[0, 5, 0, 3]",8
493.gexf,493_NR_0_NID_0_ER_0_EID_8.gexf,"[0, 0, 0, 8]",8
494.gexf,494_NR_0_NID_7_ER_0_EID_1.gexf,"[0, 7, 0, 1]",8
496.gexf,496_NR_0_NID_7_ER_0_EID_1.gexf,"[0, 7, 0, 1]",8
498.gexf,498_NR_0_NID_3_ER_0_EID_5.gexf,"[0, 3, 0, 5]",8
499.gexf,499_NR_0_NID_8_ER_0_EID_0.gexf,"[0, 8, 0, 0]",8
49.gexf,49_NR_0_NID_2_ER_0_EID_6.gexf,"[0, 2, 0, 6]",8
4.gexf,4_NR_0_NID_1_ER_0_EID_7.gexf,"[0, 1, 0, 7]",8
500.gexf,500_NR_0_NID_4_ER_0_EID_4.gexf,"[0, 4, 0, 4]",8
501.gexf,501_NR_0_NID_6_ER_0_EID_2.gexf,"[0, 6, 0, 2]",8
503.gexf,503_NR_0_NID_4_ER_0_EID_4.gexf,"[0, 4, 0, 4]",8
504.gexf,504_NR_0_NID_1_ER_0_EID_7.gexf,"[0, 1, 0, 7]",8
505.gexf,505_NR_0_NID_1_ER_0_EID_7.gexf,"[0, 1, 0, 7]",8
506.gexf,506_NR_0_NID_4_ER_0_EID_4.gexf,"[0, 4, 0, 4]",8
507.gexf,507_NR_0_NID_0_ER_0_EID_8.gexf,"[0, 0, 0, 8]",8
510.gexf,510_NR_0_NID_6_ER_0_EID_2.gexf,"[0, 6, 0, 2]",8
511.gexf,511_NR_0_NID_5_ER_0_EID_3.gexf,"[0, 5, 0, 3]",8
512.gexf,512_NR_0_NID_6_ER_0_EID_2.gexf,"[0, 6, 0, 2]",8
513.gexf,513_NR_0_NID_5_ER_0_EID_3.gexf,"[0, 5, 0, 3]",8
514.gexf,514_NR_0_NID_7_ER_0_EID_1.gexf,"[0, 7, 0, 1]",8
515.gexf,515_NR_0_NID_1_ER_0_EID_7.gexf,"[0, 1, 0, 7]",8
516.gexf,516_NR_0_NID_1_ER_0_EID_7.gexf,"[0, 1, 0, 7]",8
518.gexf,518_NR_0_NID_4_ER_0_EID_4.gexf,"[0, 4, 0, 4]",8
519.gexf,519_NR_0_NID_1_ER_0_EID_7.gexf,"[0, 1, 0, 7]",8
51.gexf,51_NR_0_NID_2_ER_0_EID_6.gexf,"[0, 2, 0, 6]",8
520.gexf,520_NR_0_NID_7_ER_0_EID_1.gexf,"[0, 7, 0, 1]",8
521.gexf,521_NR_0_NID_6_ER_0_EID_2.gexf,"[0, 6, 0, 2]",8
522.gexf,522_NR_0_NID_2_ER_0_EID_6.gexf,"[0, 2, 0, 6]",8
524.gexf,524_NR_0_NID_6_ER_0_EID_2.gexf,"[0, 6, 0, 2]",8
525.gexf,525_NR_0_NID_8_ER_0_EID_0.gexf,"[0, 8, 0, 0]",8
526.gexf,526_NR_0_NID_5_ER_0_EID_3.gexf,"[0, 5, 0, 3]",8
527.gexf,527_NR_0_NID_5_ER_0_EID_3.gexf,"[0, 5, 0, 3]",8
528.gexf,528_NR_0_NID_8_ER_0_EID_0.gexf,"[0, 8, 0, 0]",8
529.gexf,529_NR_0_NID_3_ER_0_EID_5.gexf,"[0, 3, 0, 5]",8
52.gexf,52_NR_0_NID_5_ER_0_EID_3.gexf,"[0, 5, 0, 3]",8
530.gexf,530_NR_0_NID_2_ER_0_EID_6.gexf,"[0, 2, 0, 6]",8
531.gexf,531_NR_0_NID_6_ER_0_EID_2.gexf,"[0, 6, 0, 2]",8
532.gexf,532_NR_0_NID_3_ER_0_EID_5.gexf,"[0, 3, 0, 5]",8
533.gexf,533_NR_0_NID_4_ER_0_EID_4.gexf,"[0, 4, 0, 4]",8
535.gexf,535_NR_0_NID_4_ER_0_EID_4.gexf,"[0, 4, 0, 4]",8
536.gexf,536_NR_0_NID_5_ER_0_EID_3.gexf,"[0, 5, 0, 3]",8
537.gexf,537_NR_0_NID_8_ER_0_EID_0.gexf,"[0, 8, 0, 0]",8
538.gexf,538_NR_0_NID_6_ER_0_EID_2.gexf,"[0, 6, 0, 2]",8
539.gexf,539_NR_0_NID_7_ER_0_EID_1.gexf,"[0, 7, 0, 1]",8
540.gexf,540_NR_0_NID_1_ER_0_EID_7.gexf,"[0, 1, 0, 7]",8
541.gexf,541_NR_0_NID_1_ER_0_EID_7.gexf,"[0, 1, 0, 7]",8
542.gexf,542_NR_0_NID_2_ER_0_EID_6.gexf,"[0, 2, 0, 6]",8
543.gexf,543_NR_0_NID_5_ER_0_EID_3.gexf,"[0, 5, 0, 3]",8
544.gexf,544_NR_0_NID_7_ER_0_EID_1.gexf,"[0, 7, 0, 1]",8
545.gexf,545_NR_0_NID_2_ER_0_EID_6.gexf,"[0, 2, 0, 6]",8
546.gexf,546_NR_0_NID_4_ER_0_EID_4.gexf,"[0, 4, 0, 4]",8
547.gexf,547_NR_0_NID_4_ER_0_EID_4.gexf,"[0, 4, 0, 4]",8
548.gexf,548_NR_0_NID_1_ER_0_EID_7.gexf,"[0, 1, 0, 7]",8
549.gexf,549_NR_0_NID_3_ER_0_EID_5.gexf,"[0, 3, 0, 5]",8
54.gexf,54_NR_0_NID_0_ER_0_EID_8.gexf,"[0, 0, 0, 8]",8
550.gexf,550_NR_0_NID_5_ER_0_EID_3.gexf,"[0, 5, 0, 3]",8
551.gexf,551_NR_0_NID_5_ER_0_EID_3.gexf,"[0, 5, 0, 3]",8
552.gexf,552_NR_0_NID_7_ER_0_EID_1.gexf,"[0, 7, 0, 1]",8
553.gexf,553_NR_0_NID_2_ER_0_EID_6.gexf,"[0, 2, 0, 6]",8
554.gexf,554_NR_0_NID_5_ER_0_EID_3.gexf,"[0, 5, 0, 3]",8
555.gexf,555_NR_0_NID_7_ER_0_EID_1.gexf,"[0, 7, 0, 1]",8
557.gexf,557_NR_0_NID_3_ER_0_EID_5.gexf,"[0, 3, 0, 5]",8
558.gexf,558_NR_0_NID_8_ER_0_EID_0.gexf,"[0, 8, 0, 0]",8
559.gexf,559_NR_0_NID_1_ER_0_EID_7.gexf,"[0, 1, 0, 7]",8
55.gexf,55_NR_0_NID_5_ER_0_EID_3.gexf,"[0, 5, 0, 3]",8
560.gexf,560_NR_0_NID_3_ER_0_EID_5.gexf,"[0, 3, 0, 5]",8
562.gexf,562_NR_0_NID_0_ER_0_EID_8.gexf,"[0, 0, 0, 8]",8
563.gexf,563_NR_0_NID_1_ER_0_EID_7.gexf,"[0, 1, 0, 7]",8
564.gexf,564_NR_0_NID_5_ER_0_EID_3.gexf,"[0, 5, 0, 3]",8
566.gexf,566_NR_0_NID_1_ER_0_EID_7.gexf,"[0, 1, 0, 7]",8
567.gexf,567_NR_0_NID_2_ER_0_EID_6.gexf,"[0, 2, 0, 6]",8
569.gexf,569_NR_0_NID_0_ER_0_EID_8.gexf,"[0, 0, 0, 8]",8
56.gexf,56_NR_0_NID_4_ER_0_EID_4.gexf,"[0, 4, 0, 4]",8
571.gexf,571_NR_0_NID_7_ER_0_EID_1.gexf,"[0, 7, 0, 1]",8
572.gexf,572_NR_0_NID_2_ER_0_EID_6.gexf,"[0, 2, 0, 6]",8
573.gexf,573_NR_0_NID_8_ER_0_EID_0.gexf,"[0, 8, 0, 0]",8
574.gexf,574_NR_0_NID_1_ER_0_EID_7.gexf,"[0, 1, 0, 7]",8
575.gexf,575_NR_0_NID_0_ER_0_EID_7.gexf,"[0, 0, 0, 7]",7
576.gexf,576_NR_0_NID_0_ER_0_EID_7.gexf,"[0, 0, 0, 7]",7
577.gexf,577_NR_0_NID_6_ER_0_EID_2.gexf,"[0, 6, 0, 2]",8
579.gexf,579_NR_0_NID_4_ER_0_EID_4.gexf,"[0, 4, 0, 4]",8
57.gexf,57_NR_0_NID_2_ER_0_EID_6.gexf,"[0, 2, 0, 6]",8
580.gexf,580_NR_0_NID_1_ER_0_EID_7.gexf,"[0, 1, 0, 7]",8
581.gexf,581_NR_0_NID_2_ER_0_EID_6.gexf,"[0, 2, 0, 6]",8
582.gexf,582_NR_0_NID_1_ER_0_EID_7.gexf,"[0, 1, 0, 7]",8
583.gexf,583_NR_0_NID_0_ER_0_EID_8.gexf,"[0, 0, 0, 8]",8
584.gexf,584_NR_0_NID_7_ER_0_EID_1.gexf,"[0, 7, 0, 1]",8
585.gexf,585_NR_0_NID_5_ER_0_EID_3.gexf,"[0, 5, 0, 3]",8
586.gexf,586_NR_0_NID_7_ER_0_EID_1.gexf,"[0, 7, 0, 1]",8
587.gexf,587_NR_0_NID_6_ER_0_EID_2.gexf,"[0, 6, 0, 2]",8
588.gexf,588_NR_0_NID_7_ER_0_EID_1.gexf,"[0, 7, 0, 1]",8
589.gexf,589_NR_0_NID_5_ER_0_EID_3.gexf,"[0, 5, 0, 3]",8
58.gexf,58_NR_0_NID_8_ER_0_EID_0.gexf,"[0, 8, 0, 0]",8
590.gexf,590_NR_0_NID_1_ER_0_EID_7.gexf,"[0, 1, 0, 7]",8
591.gexf,591_NR_0_NID_7_ER_0_EID_1.gexf,"[0, 7, 0, 1]",8
593.gexf,593_NR_0_NID_2_ER_0_EID_6.gexf,"[0, 2, 0, 6]",8
594.gexf,594_NR_0_NID_8_ER_0_EID_0.gexf,"[0, 8, 0, 0]",8
596.gexf,596_NR_0_NID_4_ER_0_EID_4.gexf,"[0, 4, 0, 4]",8
597.gexf,597_NR_0_NID_0_ER_0_EID_8.gexf,"[0, 0, 0, 8]",8
599.gexf,599_NR_0_NID_1_ER_0_EID_7.gexf,"[0, 1, 0, 7]",8
59.gexf,59_NR_0_NID_4_ER_0_EID_4.gexf,"[0, 4, 0, 4]",8
5.gexf,5_NR_0_NID_7_ER_0_EID_1.gexf,"[0, 7, 0, 1]",8
600.gexf,600_NR_0_NID_4_ER_0_EID_4.gexf,"[0, 4, 0, 4]",8
601.gexf,601_NR_0_NID_4_ER_0_EID_4.gexf,"[0, 4, 0, 4]",8
602.gexf,602_NR_0_NID_0_ER_0_EID_8.gexf,"[0, 0, 0, 8]",8
604.gexf,604_NR_0_NID_2_ER_0_EID_6.gexf,"[0, 2, 0, 6]",8
605.gexf,605_NR_0_NID_0_ER_0_EID_8.gexf,"[0, 0, 0, 8]",8
606.gexf,606_NR_0_NID_1_ER_0_EID_7.gexf,"[0, 1, 0, 7]",8
607.gexf,607_NR_0_NID_5_ER_0_EID_3.gexf,"[0, 5, 0, 3]",8
608.gexf,608_NR_0_NID_5_ER_0_EID_3.gexf,"[0, 5, 0, 3]",8
609.gexf,609_NR_0_NID_1_ER_0_EID_7.gexf,"[0, 1, 0, 7]",8
610.gexf,610_NR_0_NID_4_ER_0_EID_4.gexf,"[0, 4, 0, 4]",8
611.gexf,611_NR_0_NID_2_ER_0_EID_6.gexf,"[0, 2, 0, 6]",8
612.gexf,612_NR_0_NID_4_ER_0_EID_4.gexf,"[0, 4, 0, 4]",8
613.gexf,613_NR_0_NID_5_ER_0_EID_3.gexf,"[0, 5, 0, 3]",8
614.gexf,614_NR_0_NID_3_ER_0_EID_5.gexf,"[0, 3, 0, 5]",8
615.gexf,615_NR_0_NID_7_ER_0_EID_1.gexf,"[0, 7, 0, 1]",8
616.gexf,616_NR_0_NID_6_ER_0_EID_2.gexf,"[0, 6, 0, 2]",8
617.gexf,617_NR_0_NID_3_ER_0_EID_5.gexf,"[0, 3, 0, 5]",8
618.gexf,618_NR_0_NID_4_ER_0_EID_4.gexf,"[0, 4, 0, 4]",8
619.gexf,619_NR_0_NID_0_ER_0_EID_8.gexf,"[0, 0, 0, 8]",8
61.gexf,61_NR_0_NID_5_ER_0_EID_3.gexf,"[0, 5, 0, 3]",8
620.gexf,620_NR_0_NID_5_ER_0_EID_3.gexf,"[0, 5, 0, 3]",8
621.gexf,621_NR_0_NID_6_ER_0_EID_2.gexf,"[0, 6, 0, 2]",8
622.gexf,622_NR_0_NID_4_ER_0_EID_4.gexf,"[0, 4, 0, 4]",8
623.gexf,623_NR_0_NID_8_ER_0_EID_0.gexf,"[0, 8, 0, 0]",8
624.gexf,624_NR_0_NID_2_ER_0_EID_6.gexf,"[0, 2, 0, 6]",8
625.gexf,625_NR_0_NID_2_ER_0_EID_6.gexf,"[0, 2, 0, 6]",8
627.gexf,627_NR_0_NID_3_ER_0_EID_5.gexf,"[0, 3, 0, 5]",8
629.gexf,629_NR_0_NID_1_ER_0_EID_7.gexf,"[0, 1, 0, 7]",8
62.gexf,62_NR_0_NID_5_ER_0_EID_3.gexf,"[0, 5, 0, 3]",8
630.gexf,630_NR_0_NID_2_ER_0_EID_6.gexf,"[0, 2, 0, 6]",8
631.gexf,631_NR_0_NID_0_ER_0_EID_8.gexf,"[0, 0, 0, 8]",8
632.gexf,632_NR_0_NID_6_ER_0_EID_2.gexf,"[0, 6, 0, 2]",8
633.gexf,633_NR_0_NID_4_ER_0_EID_4.gexf,"[0, 4, 0, 4]",8
634.gexf,634_NR_0_NID_2_ER_0_EID_6.gexf,"[0, 2, 0, 6]",8
635.gexf,635_NR_0_NID_6_ER_0_EID_2.gexf,"[0, 6, 0, 2]",8
637.gexf,637_NR_0_NID_2_ER_0_EID_6.gexf,"[0, 2, 0, 6]",8
638.gexf,638_NR_0_NID_4_ER_0_EID_4.gexf,"[0, 4, 0, 4]",8
639.gexf,639_NR_0_NID_1_ER_0_EID_7.gexf,"[0, 1, 0, 7]",8
641.gexf,641_NR_0_NID_1_ER_0_EID_7.gexf,"[0, 1, 0, 7]",8
642.gexf,642_NR_0_NID_7_ER_0_EID_1.gexf,"[0, 7, 0, 1]",8
643.gexf,643_NR_0_NID_6_ER_0_EID_2.gexf,"[0, 6, 0, 2]",8
644.gexf,644_NR_0_NID_7_ER_0_EID_1.gexf,"[0, 7, 0, 1]",8
647.gexf,647_NR_0_NID_3_ER_0_EID_5.gexf,"[0, 3, 0, 5]",8
648.gexf,648_NR_0_NID_4_ER_0_EID_4.gexf,"[0, 4, 0, 4]",8
649.gexf,649_NR_0_NID_2_ER_0_EID_6.gexf,"[0, 2, 0, 6]",8
64.gexf,64_NR_0_NID_4_ER_0_EID_4.gexf,"[0, 4, 0, 4]",8
651.gexf,651_NR_0_NID_8_ER_0_EID_0.gexf,"[0, 8, 0, 0]",8
652.gexf,652_NR_0_NID_2_ER_0_EID_6.gexf,"[0, 2, 0, 6]",8
653.gexf,653_NR_0_NID_0_ER_0_EID_8.gexf,"[0, 0, 0, 8]",8
654.gexf,654_NR_0_NID_3_ER_0_EID_5.gexf,"[0, 3, 0, 5]",8
656.gexf,656_NR_0_NID_4_ER_0_EID_4.gexf,"[0, 4, 0, 4]",8
657.gexf,657_NR_0_NID_1_ER_0_EID_7.gexf,"[0, 1, 0, 7]",8
658.gexf,658_NR_0_NID_4_ER_0_EID_4.gexf,"[0, 4, 0, 4]",8
65.gexf,65_NR_0_NID_1_ER_0_EID_7.gexf,"[0, 1, 0, 7]",8
660.gexf,660_NR_0_NID_7_ER_0_EID_1.gexf,"[0, 7, 0, 1]",8
661.gexf,661_NR_0_NID_7_ER_0_EID_1.gexf,"[0, 7, 0, 1]",8
662.gexf,662_NR_0_NID_5_ER_0_EID_3.gexf,"[0, 5, 0, 3]",8
664.gexf,664_NR_0_NID_4_ER_0_EID_4.gexf,"[0, 4, 0, 4]",8
665.gexf,665_NR_0_NID_2_ER_0_EID_6.gexf,"[0, 2, 0, 6]",8
666.gexf,666_NR_0_NID_5_ER_0_EID_3.gexf,"[0, 5, 0, 3]",8
667.gexf,667_NR_0_NID_6_ER_0_EID_2.gexf,"[0, 6, 0, 2]",8
669.gexf,669_NR_0_NID_5_ER_0_EID_3.gexf,"[0, 5, 0, 3]",8
66.gexf,66_NR_0_NID_7_ER_0_EID_1.gexf,"[0, 7, 0, 1]",8
670.gexf,670_NR_0_NID_1_ER_0_EID_7.gexf,"[0, 1, 0, 7]",8
671.gexf,671_NR_0_NID_4_ER_0_EID_4.gexf,"[0, 4, 0, 4]",8
672.gexf,672_NR_0_NID_4_ER_0_EID_4.gexf,"[0, 4, 0, 4]",8
673.gexf,673_NR_0_NID_3_ER_0_EID_5.gexf,"[0, 3, 0, 5]",8
674.gexf,674_NR_0_NID_3_ER_0_EID_5.gexf,"[0, 3, 0, 5]",8
676.gexf,676_NR_0_NID_4_ER_0_EID_4.gexf,"[0, 4, 0, 4]",8
677.gexf,677_NR_0_NID_6_ER_0_EID_2.gexf,"[0, 6, 0, 2]",8
678.gexf,678_NR_0_NID_8_ER_0_EID_0.gexf,"[0, 8, 0, 0]",8
679.gexf,679_NR_0_NID_0_ER_0_EID_8.gexf,"[0, 0, 0, 8]",8
67.gexf,67_NR_0_NID_6_ER_0_EID_2.gexf,"[0, 6, 0, 2]",8
680.gexf,680_NR_0_NID_8_ER_0_EID_0.gexf,"[0, 8, 0, 0]",8
681.gexf,681_NR_0_NID_0_ER_0_EID_8.gexf,"[0, 0, 0, 8]",8
682.gexf,682_NR_0_NID_4_ER_0_EID_4.gexf,"[0, 4, 0, 4]",8
683.gexf,683_NR_0_NID_5_ER_0_EID_3.gexf,"[0, 5, 0, 3]",8
684.gexf,684_NR_0_NID_1_ER_0_EID_7.gexf,"[0, 1, 0, 7]",8
685.gexf,685_NR_0_NID_0_ER_0_EID_8.gexf,"[0, 0, 0, 8]",8
686.gexf,686_NR_0_NID_3_ER_0_EID_5.gexf,"[0, 3, 0, 5]",8
687.gexf,687_NR_0_NID_0_ER_0_EID_8.gexf,"[0, 0, 0, 8]",8
688.gexf,688_NR_0_NID_6_ER_0_EID_2.gexf,"[0, 6, 0, 2]",8
690.gexf,690_NR_0_NID_4_ER_0_EID_4.gexf,"[0, 4, 0, 4]",8
691.gexf,691_NR_0_NID_1_ER_0_EID_7.gexf,"[0, 1, 0, 7]",8
693.gexf,693_NR_0_NID_0_ER_0_EID_8.gexf,"[0, 0, 0, 8]",8
695.gexf,695_NR_0_NID_7_ER_0_EID_1.gexf,"[0, 7, 0, 1]",8
696.gexf,696_NR_0_NID_8_ER_0_EID_0.gexf,"[0, 8, 0, 0]",8
697.gexf,697_NR_0_NID_2_ER_0_EID_6.gexf,"[0, 2, 0, 6]",8
698.gexf,698_NR_0_NID_2_ER_0_EID_6.gexf,"[0, 2, 0, 6]",8
699.gexf,699_NR_0_NID_0_ER_0_EID_7.gexf,"[0, 0, 0, 7]",7
69.gexf,69_NR_0_NID_6_ER_0_EID_2.gexf,"[0, 6, 0, 2]",8
6.gexf,6_NR_0_NID_2_ER_0_EID_6.gexf,"[0, 2, 0, 6]",8
700.gexf,700_NR_0_NID_7_ER_0_EID_1.gexf,"[0, 7, 0, 1]",8
701.gexf,701_NR_0_NID_2_ER_0_EID_6.gexf,"[0, 2, 0, 6]",8
703.gexf,703_NR_0_NID_3_ER_0_EID_5.gexf,"[0, 3, 0, 5]",8
705.gexf,705_NR_0_NID_7_ER_0_EID_1.gexf,"[0, 7, 0, 1]",8
706.gexf,706_NR_0_NID_8_ER_0_EID_0.gexf,"[0, 8, 0, 0]",8
708.gexf,708_NR_0_NID_2_ER_0_EID_6.gexf,"[0, 2, 0, 6]",8
709.gexf,709_NR_0_NID_7_ER_0_EID_1.gexf,"[0, 7, 0, 1]",8
70.gexf,70_NR_0_NID_3_ER_0_EID_5.gexf,"[0, 3, 0, 5]",8
710.gexf,710_NR_0_NID_2_ER_0_EID_6.gexf,"[0, 2, 0, 6]",8
711.gexf,711_NR_0_NID_2_ER_0_EID_6.gexf,"[0, 2, 0, 6]",8
712.gexf,712_NR_0_NID_7_ER_0_EID_1.gexf,"[0, 7, 0, 1]",8
713.gexf,713_NR_0_NID_0_ER_0_EID_8.gexf,"[0, 0, 0, 8]",8
714.gexf,714_NR_0_NID_4_ER_0_EID_4.gexf,"[0, 4, 0, 4]",8
715.gexf,715_NR_0_NID_6_ER_0_EID_2.gexf,"[0, 6, 0, 2]",8
716.gexf,716_NR_0_NID_1_ER_0_EID_7.gexf,"[0, 1, 0, 7]",8
717.gexf,717_NR_0_NID_1_ER_0_EID_7.gexf,"[0, 1, 0, 7]",8
718.gexf,718_NR_0_NID_7_ER_0_EID_1.gexf,"[0, 7, 0, 1]",8
719.gexf,719_NR_0_NID_1_ER_0_EID_7.gexf,"[0, 1, 0, 7]",8
71.gexf,71_NR_0_NID_0_ER_0_EID_8.gexf,"[0, 0, 0, 8]",8
720.gexf,720_NR_0_NID_5_ER_0_EID_3.gexf,"[0, 5, 0, 3]",8
721.gexf,721_NR_0_NID_7_ER_0_EID_1.gexf,"[0, 7, 0, 1]",8
722.gexf,722_NR_0_NID_7_ER_0_EID_1.gexf,"[0, 7, 0, 1]",8
723.gexf,723_NR_0_NID_6_ER_0_EID_2.gexf,"[0, 6, 0, 2]",8
725.gexf,725_NR_0_NID_2_ER_0_EID_6.gexf,"[0, 2, 0, 6]",8
726.gexf,726_NR_0_NID_0_ER_0_EID_8.gexf,"[0, 0, 0, 8]",8
727.gexf,727_NR_0_NID_0_ER_0_EID_8.gexf,"[0, 0, 0, 8]",8
728.gexf,728_NR_0_NID_1_ER_0_EID_7.gexf,"[0, 1, 0, 7]",8
729.gexf,729_NR_0_NID_7_ER_0_EID_1.gexf,"[0, 7, 0, 1]",8
72.gexf,72_NR_0_NID_8_ER_0_EID_0.gexf,"[0, 8, 0, 0]",8
732.gexf,732_NR_0_NID_8_ER_0_EID_0.gexf,"[0, 8, 0, 0]",8
733.gexf,733_NR_0_NID_1_ER_0_EID_7.gexf,"[0, 1, 0, 7]",8
734.gexf,734_NR_0_NID_6_ER_0_EID_2.gexf,"[0, 6, 0, 2]",8
735.gexf,735_NR_0_NID_5_ER_0_EID_3.gexf,"[0, 5, 0, 3]",8
736.gexf,736_NR_0_NID_3_ER_0_EID_5.gexf,"[0, 3, 0, 5]",8
738.gexf,738_NR_0_NID_0_ER_0_EID_8.gexf,"[0, 0, 0, 8]",8
739.gexf,739_NR_0_NID_2_ER_0_EID_6.gexf,"[0, 2, 0, 6]",8
73.gexf,73_NR_0_NID_0_ER_0_EID_7.gexf,"[0, 0, 0, 7]",7
740.gexf,740_NR_0_NID_2_ER_0_EID_6.gexf,"[0, 2, 0, 6]",8
742.gexf,742_NR_0_NID_7_ER_0_EID_1.gexf,"[0, 7, 0, 1]",8
743.gexf,743_NR_0_NID_1_ER_0_EID_7.gexf,"[0, 1, 0, 7]",8
744.gexf,744_NR_0_NID_0_ER_0_EID_7.gexf,"[0, 0, 0, 7]",7
745.gexf,745_NR_0_NID_5_ER_0_EID_3.gexf,"[0, 5, 0, 3]",8
746.gexf,746_NR_0_NID_1_ER_0_EID_7.gexf,"[0, 1, 0, 7]",8
748.gexf,748_NR_0_NID_7_ER_0_EID_1.gexf,"[0, 7, 0, 1]",8
749.gexf,749_NR_0_NID_1_ER_0_EID_7.gexf,"[0, 1, 0, 7]",8
74.gexf,74_NR_0_NID_2_ER_0_EID_6.gexf,"[0, 2, 0, 6]",8
751.gexf,751_NR_0_NID_6_ER_0_EID_2.gexf,"[0, 6, 0, 2]",8
753.gexf,753_NR_0_NID_3_ER_0_EID_5.gexf,"[0, 3, 0, 5]",8
754.gexf,754_NR_0_NID_5_ER_0_EID_3.gexf,"[0, 5, 0, 3]",8
756.gexf,756_NR_0_NID_5_ER_0_EID_3.gexf,"[0, 5, 0, 3]",8
757.gexf,757_NR_0_NID_3_ER_0_EID_5.gexf,"[0, 3, 0, 5]",8
758.gexf,758_NR_0_NID_5_ER_0_EID_3.gexf,"[0, 5, 0, 3]",8
75.gexf,75_NR_0_NID_1_ER_0_EID_7.gexf,"[0, 1, 0, 7]",8
760.gexf,760_NR_0_NID_8_ER_0_EID_0.gexf,"[0, 8, 0, 0]",8
761.gexf,761_NR_0_NID_4_ER_0_EID_4.gexf,"[0, 4, 0, 4]",8
762.gexf,762_NR_0_NID_8_ER_0_EID_0.gexf,"[0, 8, 0, 0]",8
764.gexf,764_NR_0_NID_8_ER_0_EID_0.gexf,"[0, 8, 0, 0]",8
769.gexf,769_NR_0_NID_1_ER_0_EID_7.gexf,"[0, 1, 0, 7]",8
76.gexf,76_NR_0_NID_6_ER_0_EID_2.gexf,"[0, 6, 0, 2]",8
770.gexf,770_NR_0_NID_5_ER_0_EID_3.gexf,"[0, 5, 0, 3]",8
771.gexf,771_NR_0_NID_6_ER_0_EID_2.gexf,"[0, 6, 0, 2]",8
772.gexf,772_NR_0_NID_2_ER_0_EID_6.gexf,"[0, 2, 0, 6]",8
776.gexf,776_NR_0_NID_4_ER_0_EID_4.gexf,"[0, 4, 0, 4]",8
777.gexf,777_NR_0_NID_4_ER_0_EID_4.gexf,"[0, 4, 0, 4]",8
778.gexf,778_NR_0_NID_8_ER_0_EID_0.gexf,"[0, 8, 0, 0]",8
779.gexf,779_NR_0_NID_3_ER_0_EID_5.gexf,"[0, 3, 0, 5]",8
77.gexf,77_NR_0_NID_4_ER_0_EID_4.gexf,"[0, 4, 0, 4]",8
780.gexf,780_NR_0_NID_0_ER_0_EID_8.gexf,"[0, 0, 0, 8]",8
782.gexf,782_NR_0_NID_3_ER_0_EID_5.gexf,"[0, 3, 0, 5]",8
783.gexf,783_NR_0_NID_4_ER_0_EID_4.gexf,"[0, 4, 0, 4]",8
784.gexf,784_NR_0_NID_3_ER_0_EID_5.gexf,"[0, 3, 0, 5]",8
785.gexf,785_NR_0_NID_0_ER_0_EID_8.gexf,"[0, 0, 0, 8]",8
788.gexf,788_NR_0_NID_8_ER_0_EID_0.gexf,"[0, 8, 0, 0]",8
789.gexf,789_NR_0_NID_5_ER_0_EID_3.gexf,"[0, 5, 0, 3]",8
78.gexf,78_NR_0_NID_2_ER_0_EID_6.gexf,"[0, 2, 0, 6]",8
790.gexf,790_NR_0_NID_6_ER_0_EID_2.gexf,"[0, 6, 0, 2]",8
791.gexf,791_NR_0_NID_6_ER_0_EID_2.gexf,"[0, 6, 0, 2]",8
792.gexf,792_NR_0_NID_7_ER_0_EID_1.gexf,"[0, 7, 0, 1]",8
793.gexf,793_NR_0_NID_6_ER_0_EID_2.gexf,"[0, 6, 0, 2]",8
794.gexf,794_NR_0_NID_7_ER_0_EID_1.gexf,"[0, 7, 0, 1]",8
795.gexf,795_NR_0_NID_6_ER_0_EID_2.gexf,"[0, 6, 0, 2]",8
797.gexf,797_NR_0_NID_0_ER_0_EID_8.gexf,"[0, 0, 0, 8]",8
798.gexf,798_NR_0_NID_3_ER_0_EID_5.gexf,"[0, 3, 0, 5]",8
79.gexf,79_NR_0_NID_6_ER_0_EID_2.gexf,"[0, 6, 0, 2]",8
7.gexf,7_NR_0_NID_8_ER_0_EID_0.gexf,"[0, 8, 0, 0]",8
800.gexf,800_NR_0_NID_1_ER_0_EID_7.gexf,"[0, 1, 0, 7]",8
801.gexf,801_NR_0_NID_0_ER_0_EID_8.gexf,"[0, 0, 0, 8]",8
802.gexf,802_NR_0_NID_6_ER_0_EID_2.gexf,"[0, 6, 0, 2]",8
803.gexf,803_NR_0_NID_4_ER_0_EID_4.gexf,"[0, 4, 0, 4]",8
804.gexf,804_NR_0_NID_8_ER_0_EID_0.gexf,"[0, 8, 0, 0]",8
805.gexf,805_NR_0_NID_3_ER_0_EID_5.gexf,"[0, 3, 0, 5]",8
806.gexf,806_NR_0_NID_5_ER_0_EID_3.gexf,"[0, 5, 0, 3]",8
807.gexf,807_NR_0_NID_4_ER_0_EID_4.gexf,"[0, 4, 0, 4]",8
808.gexf,808_NR_0_NID_4_ER_0_EID_4.gexf,"[0, 4, 0, 4]",8
809.gexf,809_NR_0_NID_4_ER_0_EID_4.gexf,"[0, 4, 0, 4]",8
80.gexf,80_NR_0_NID_7_ER_0_EID_1.gexf,"[0, 7, 0, 1]",8
810.gexf,810_NR_0_NID_4_ER_0_EID_4.gexf,"[0, 4, 0, 4]",8
811.gexf,811_NR_0_NID_0_ER_0_EID_8.gexf,"[0, 0, 0, 8]",8
812.gexf,812_NR_0_NID_6_ER_0_EID_2.gexf,"[0, 6, 0, 2]",8
813.gexf,813_NR_0_NID_0_ER_0_EID_8.gexf,"[0, 0, 0, 8]",8
816.gexf,816_NR_0_NID_8_ER_0_EID_0.gexf,"[0, 8, 0, 0]",8
817.gexf,817_NR_0_NID_3_ER_0_EID_5.gexf,"[0, 3, 0, 5]",8
818.gexf,818_NR_0_NID_4_ER_0_EID_4.gexf,"[0, 4, 0, 4]",8
81.gexf,81_NR_0_NID_6_ER_0_EID_2.gexf,"[0, 6, 0, 2]",8
820.gexf,820_NR_0_NID_0_ER_0_EID_8.gexf,"[0, 0, 0, 8]",8
822.gexf,822_NR_0_NID_7_ER_0_EID_1.gexf,"[0, 7, 0, 1]",8
823.gexf,823_NR_0_NID_2_ER_0_EID_6.gexf,"[0, 2, 0, 6]",8
824.gexf,824_NR_0_NID_4_ER_0_EID_4.gexf,"[0, 4, 0, 4]",8
826.gexf,826_NR_0_NID_3_ER_0_EID_5.gexf,"[0, 3, 0, 5]",8
827.gexf,827_NR_0_NID_8_ER_0_EID_0.gexf,"[0, 8, 0, 0]",8
828.gexf,828_NR_0_NID_0_ER_0_EID_8.gexf,"[0, 0, 0, 8]",8
829.gexf,829_NR_0_NID_2_ER_0_EID_6.gexf,"[0, 2, 0, 6]",8
82.gexf,82_NR_0_NID_8_ER_0_EID_0.gexf,"[0, 8, 0, 0]",8
830.gexf,830_NR_0_NID_1_ER_0_EID_7.gexf,"[0, 1, 0, 7]",8
831.gexf,831_NR_0_NID_3_ER_0_EID_5.gexf,"[0, 3, 0, 5]",8
832.gexf,832_NR_0_NID_7_ER_0_EID_1.gexf,"[0, 7, 0, 1]",8
833.gexf,833_NR_0_NID_5_ER_0_EID_3.gexf,"[0, 5, 0, 3]",8
834.gexf,834_NR_0_NID_8_ER_0_EID_0.gexf,"[0, 8, 0, 0]",8
835.gexf,835_NR_0_NID_6_ER_0_EID_2.gexf,"[0, 6, 0, 2]",8
836.gexf,836_NR_0_NID_3_ER_0_EID_5.gexf,"[0, 3, 0, 5]",8
837.gexf,837_NR_0_NID_0_ER_0_EID_8.gexf,"[0, 0, 0, 8]",8
838.gexf,838_NR_0_NID_4_ER_0_EID_4.gexf,"[0, 4, 0, 4]",8
839.gexf,839_NR_0_NID_5_ER_0_EID_3.gexf,"[0, 5, 0, 3]",8
83.gexf,83_NR_0_NID_2_ER_0_EID_6.gexf,"[0, 2, 0, 6]",8
840.gexf,840_NR_0_NID_1_ER_0_EID_7.gexf,"[0, 1, 0, 7]",8
841.gexf,841_NR_0_NID_1_ER_0_EID_7.gexf,"[0, 1, 0, 7]",8
842.gexf,842_NR_0_NID_7_ER_0_EID_1.gexf,"[0, 7, 0, 1]",8
844.gexf,844_NR_0_NID_6_ER_0_EID_2.gexf,"[0, 6, 0, 2]",8
845.gexf,845_NR_0_NID_8_ER_0_EID_0.gexf,"[0, 8, 0, 0]",8
846.gexf,846_NR_0_NID_0_ER_0_EID_8.gexf,"[0, 0, 0, 8]",8
847.gexf,847_NR_0_NID_6_ER_0_EID_2.gexf,"[0, 6, 0, 2]",8
849.gexf,849_NR_0_NID_2_ER_0_EID_6.gexf,"[0, 2, 0, 6]",8
84.gexf,84_NR_0_NID_0_ER_0_EID_8.gexf,"[0, 0, 0, 8]",8
850.gexf,850_NR_0_NID_2_ER_0_EID_6.gexf,"[0, 2, 0, 6]",8
852.gexf,852_NR_0_NID_2_ER_0_EID_6.gexf,"[0, 2, 0, 6]",8
853.gexf,853_NR_0_NID_7_ER_0_EID_1.gexf,"[0, 7, 0, 1]",8
854.gexf,854_NR_0_NID_1_ER_0_EID_7.gexf,"[0, 1, 0, 7]",8
855.gexf,855_NR_0_NID_2_ER_0_EID_6.gexf,"[0, 2, 0, 6]",8
856.gexf,856_NR_0_NID_0_ER_0_EID_8.gexf,"[0, 0, 0, 8]",8
857.gexf,857_NR_0_NID_0_ER_0_EID_7.gexf,"[0, 0, 0, 7]",7
858.gexf,858_NR_0_NID_5_ER_0_EID_3.gexf,"[0, 5, 0, 3]",8
859.gexf,859_NR_0_NID_2_ER_0_EID_6.gexf,"[0, 2, 0, 6]",8
85.gexf,85_NR_0_NID_6_ER_0_EID_2.gexf,"[0, 6, 0, 2]",8
860.gexf,860_NR_0_NID_7_ER_0_EID_1.gexf,"[0, 7, 0, 1]",8
861.gexf,861_NR_0_NID_2_ER_0_EID_6.gexf,"[0, 2, 0, 6]",8
862.gexf,862_NR_0_NID_5_ER_0_EID_3.gexf,"[0, 5, 0, 3]",8
864.gexf,864_NR_0_NID_4_ER_0_EID_4.gexf,"[0, 4, 0, 4]",8
866.gexf,866_NR_0_NID_7_ER_0_EID_1.gexf,"[0, 7, 0, 1]",8
867.gexf,867_NR_0_NID_6_ER_0_EID_2.gexf,"[0, 6, 0, 2]",8
868.gexf,868_NR_0_NID_2_ER_0_EID_6.gexf,"[0, 2, 0, 6]",8
870.gexf,870_NR_0_NID_4_ER_0_EID_4.gexf,"[0, 4, 0, 4]",8
871.gexf,871_NR_0_NID_5_ER_0_EID_3.gexf,"[0, 5, 0, 3]",8
872.gexf,872_NR_0_NID_0_ER_0_EID_8.gexf,"[0, 0, 0, 8]",8
873.gexf,873_NR_0_NID_8_ER_0_EID_0.gexf,"[0, 8, 0, 0]",8
876.gexf,876_NR_0_NID_4_ER_0_EID_4.gexf,"[0, 4, 0, 4]",8
878.gexf,878_NR_0_NID_1_ER_0_EID_7.gexf,"[0, 1, 0, 7]",8
87.gexf,87_NR_0_NID_8_ER_0_EID_0.gexf,"[0, 8, 0, 0]",8
880.gexf,880_NR_0_NID_4_ER_0_EID_4.gexf,"[0, 4, 0, 4]",8
881.gexf,881_NR_0_NID_0_ER_0_EID_8.gexf,"[0, 0, 0, 8]",8
882.gexf,882_NR_0_NID_7_ER_0_EID_1.gexf,"[0, 7, 0, 1]",8
883.gexf,883_NR_0_NID_1_ER_0_EID_7.gexf,"[0, 1, 0, 7]",8
884.gexf,884_NR_0_NID_1_ER_0_EID_7.gexf,"[0, 1, 0, 7]",8
885.gexf,885_NR_0_NID_4_ER_0_EID_4.gexf,"[0, 4, 0, 4]",8
886.gexf,886_NR_0_NID_2_ER_0_EID_6.gexf,"[0, 2, 0, 6]",8
887.gexf,887_NR_0_NID_0_ER_0_EID_8.gexf,"[0, 0, 0, 8]",8
888.gexf,888_NR_0_NID_3_ER_0_EID_5.gexf,"[0, 3, 0, 5]",8
88.gexf,88_NR_0_NID_5_ER_0_EID_3.gexf,"[0, 5, 0, 3]",8
890.gexf,890_NR_0_NID_7_ER_0_EID_1.gexf,"[0, 7, 0, 1]",8
891.gexf,891_NR_0_NID_2_ER_0_EID_6.gexf,"[0, 2, 0, 6]",8
892.gexf,892_NR_0_NID_7_ER_0_EID_1.gexf,"[0, 7, 0, 1]",8
894.gexf,894_NR_0_NID_3_ER_0_EID_5.gexf,"[0, 3, 0, 5]",8
895.gexf,895_NR_0_NID_0_ER_0_EID_8.gexf,"[0, 0, 0, 8]",8
897.gexf,897_NR_0_NID_8_ER_0_EID_0.gexf,"[0, 8, 0, 0]",8
899.gexf,899_NR_0_NID_0_ER_0_EID_8.gexf,"[0, 0, 0, 8]",8
89.gexf,89_NR_0_NID_0_ER_0_EID_8.gexf,"[0, 0, 0, 8]",8
900.gexf,900_NR_0_NID_4_ER_0_EID_4.gexf,"[0, 4, 0, 4]",8
901.gexf,901_NR_0_NID_8_ER_0_EID_0.gexf,"[0, 8, 0, 0]",8
902.gexf,902_NR_0_NID_0_ER_0_EID_8.gexf,"[0, 0, 0, 8]",8
903.gexf,903_NR_0_NID_6_ER_0_EID_2.gexf,"[0, 6, 0, 2]",8
904.gexf,904_NR_0_NID_2_ER_0_EID_6.gexf,"[0, 2, 0, 6]",8
905.gexf,905_NR_0_NID_7_ER_0_EID_1.gexf,"[0, 7, 0, 1]",8
906.gexf,906_NR_0_NID_7_ER_0_EID_1.gexf,"[0, 7, 0, 1]",8
907.gexf,907_NR_0_NID_1_ER_0_EID_7.gexf,"[0, 1, 0, 7]",8
909.gexf,909_NR_0_NID_6_ER_0_EID_2.gexf,"[0, 6, 0, 2]",8
90.gexf,90_NR_0_NID_6_ER_0_EID_2.gexf,"[0, 6, 0, 2]",8
910.gexf,910_NR_0_NID_5_ER_0_EID_3.gexf,"[0, 5, 0, 3]",8
912.gexf,912_NR_0_NID_4_ER_0_EID_4.gexf,"[0, 4, 0, 4]",8
913.gexf,913_NR_0_NID_7_ER_0_EID_1.gexf,"[0, 7, 0, 1]",8
914.gexf,914_NR_0_NID_1_ER_0_EID_7.gexf,"[0, 1, 0, 7]",8
915.gexf,915_NR_0_NID_3_ER_0_EID_5.gexf,"[0, 3, 0, 5]",8
916.gexf,916_NR_0_NID_7_ER_0_EID_1.gexf,"[0, 7, 0, 1]",8
917.gexf,917_NR_0_NID_7_ER_0_EID_1.gexf,"[0, 7, 0, 1]",8
919.gexf,919_NR_0_NID_0_ER_0_EID_8.gexf,"[0, 0, 0, 8]",8
91.gexf,91_NR_0_NID_7_ER_0_EID_1.gexf,"[0, 7, 0, 1]",8
921.gexf,921_NR_0_NID_6_ER_0_EID_2.gexf,"[0, 6, 0, 2]",8
922.gexf,922_NR_0_NID_5_ER_0_EID_3.gexf,"[0, 5, 0, 3]",8
923.gexf,923_NR_0_NID_8_ER_0_EID_0.gexf,"[0, 8, 0, 0]",8
924.gexf,924_NR_0_NID_4_ER_0_EID_4.gexf,"[0, 4, 0, 4]",8
925.gexf,925_NR_0_NID_7_ER_0_EID_1.gexf,"[0, 7, 0, 1]",8
926.gexf,926_NR_0_NID_6_ER_0_EID_2.gexf,"[0, 6, 0, 2]",8
927.gexf,927_NR_0_NID_3_ER_0_EID_5.gexf,"[0, 3, 0, 5]",8
929.gexf,929_NR_0_NID_7_ER_0_EID_1.gexf,"[0, 7, 0, 1]",8
92.gexf,92_NR_0_NID_5_ER_0_EID_3.gexf,"[0, 5, 0, 3]",8
930.gexf,930_NR_0_NID_4_ER_0_EID_4.gexf,"[0, 4, 0, 4]",8
931.gexf,931_NR_0_NID_6_ER_0_EID_2.gexf,"[0, 6, 0, 2]",8
932.gexf,932_NR_0_NID_5_ER_0_EID_3.gexf,"[0, 5, 0, 3]",8
933.gexf,933_NR_0_NID_5_ER_0_EID_3.gexf,"[0, 5, 0, 3]",8
934.gexf,934_NR_0_NID_2_ER_0_EID_6.gexf,"[0, 2, 0, 6]",8
935.gexf,935_NR_0_NID_5_ER_0_EID_3.gexf,"[0, 5, 0, 3]",8
936.gexf,936_NR_0_NID_2_ER_0_EID_6.gexf,"[0, 2, 0, 6]",8
937.gexf,937_NR_0_NID_8_ER_0_EID_0.gexf,"[0, 8, 0, 0]",8
939.gexf,939_NR_0_NID_5_ER_0_EID_3.gexf,"[0, 5, 0, 3]",8
93.gexf,93_NR_0_NID_4_ER_0_EID_4.gexf,"[0, 4, 0, 4]",8
940.gexf,940_NR_0_NID_5_ER_0_EID_3.gexf,"[0, 5, 0, 3]",8
941.gexf,941_NR_0_NID_1_ER_0_EID_7.gexf,"[0, 1, 0, 7]",8
942.gexf,942_NR_0_NID_2_ER_0_EID_6.gexf,"[0, 2, 0, 6]",8
943.gexf,943_NR_0_NID_0_ER_0_EID_8.gexf,"[0, 0, 0, 8]",8
944.gexf,944_NR_0_NID_7_ER_0_EID_1.gexf,"[0, 7, 0, 1]",8
945.gexf,945_NR_0_NID_6_ER_0_EID_2.gexf,"[0, 6, 0, 2]",8
946.gexf,946_NR_0_NID_6_ER_0_EID_2.gexf,"[0, 6, 0, 2]",8
947.gexf,947_NR_0_NID_6_ER_0_EID_2.gexf,"[0, 6, 0, 2]",8
948.gexf,948_NR_0_NID_5_ER_0_EID_3.gexf,"[0, 5, 0, 3]",8
949.gexf,949_NR_0_NID_8_ER_0_EID_0.gexf,"[0, 8, 0, 0]",8
94.gexf,94_NR_0_NID_3_ER_0_EID_5.gexf,"[0, 3, 0, 5]",8
950.gexf,950_NR_0_NID_6_ER_0_EID_2.gexf,"[0, 6, 0, 2]",8
952.gexf,952_NR_0_NID_2_ER_0_EID_6.gexf,"[0, 2, 0, 6]",8
954.gexf,954_NR_0_NID_7_ER_0_EID_1.gexf,"[0, 7, 0, 1]",8
955.gexf,955_NR_0_NID_7_ER_0_EID_1.gexf,"[0, 7, 0, 1]",8
956.gexf,956_NR_0_NID_1_ER_0_EID_7.gexf,"[0, 1, 0, 7]",8
957.gexf,957_NR_0_NID_8_ER_0_EID_0.gexf,"[0, 8, 0, 0]",8
958.gexf,958_NR_0_NID_0_ER_0_EID_8.gexf,"[0, 0, 0, 8]",8
961.gexf,961_NR_0_NID_3_ER_0_EID_5.gexf,"[0, 3, 0, 5]",8
962.gexf,962_NR_0_NID_4_ER_0_EID_4.gexf,"[0, 4, 0, 4]",8
963.gexf,963_NR_0_NID_6_ER_0_EID_2.gexf,"[0, 6, 0, 2]",8
964.gexf,964_NR_0_NID_1_ER_0_EID_7.gexf,"[0, 1, 0, 7]",8
965.gexf,965_NR_0_NID_0_ER_0_EID_8.gexf,"[0, 0, 0, 8]",8
966.gexf,966_NR_0_NID_1_ER_0_EID_7.gexf,"[0, 1, 0, 7]",8
967.gexf,967_NR_0_NID_7_ER_0_EID_1.gexf,"[0, 7, 0, 1]",8
968.gexf,968_NR_0_NID_1_ER_0_EID_7.gexf,"[0, 1, 0, 7]",8
969.gexf,969_NR_0_NID_7_ER_0_EID_1.gexf,"[0, 7, 0, 1]",8
96.gexf,96_NR_0_NID_6_ER_0_EID_2.gexf,"[0, 6, 0, 2]",8
970.gexf,970_NR_0_NID_1_ER_0_EID_7.gexf,"[0, 1, 0, 7]",8
971.gexf,971_NR_0_NID_1_ER_0_EID_7.gexf,"[0, 1, 0, 7]",8
972.gexf,972_NR_0_NID_8_ER_0_EID_0.gexf,"[0, 8, 0, 0]",8
973.gexf,973_NR_0_NID_7_ER_0_EID_1.gexf,"[0, 7, 0, 1]",8
974.gexf,974_NR_0_NID_3_ER_0_EID_5.gexf,"[0, 3, 0, 5]",8
975.gexf,975_NR_0_NID_1_ER_0_EID_7.gexf,"[0, 1, 0, 7]",8
976.gexf,976_NR_0_NID_1_ER_0_EID_7.gexf,"[0, 1, 0, 7]",8
977.gexf,977_NR_0_NID_8_ER_0_EID_0.gexf,"[0, 8, 0, 0]",8
978.gexf,978_NR_0_NID_8_ER_0_EID_0.gexf,"[0, 8, 0, 0]",8
979.gexf,979_NR_0_NID_2_ER_0_EID_6.gexf,"[0, 2, 0, 6]",8
97.gexf,97_NR_0_NID_1_ER_0_EID_7.gexf,"[0, 1, 0, 7]",8
981.gexf,981_NR_0_NID_6_ER_0_EID_2.gexf,"[0, 6, 0, 2]",8
983.gexf,983_NR_0_NID_4_ER_0_EID_4.gexf,"[0, 4, 0, 4]",8
986.gexf,986_NR_0_NID_3_ER_0_EID_5.gexf,"[0, 3, 0, 5]",8
987.gexf,987_NR_0_NID_0_ER_0_EID_8.gexf,"[0, 0, 0, 8]",8
988.gexf,988_NR_0_NID_2_ER_0_EID_6.gexf,"[0, 2, 0, 6]",8
989.gexf,989_NR_0_NID_1_ER_0_EID_7.gexf,"[0, 1, 0, 7]",8
990.gexf,990_NR_0_NID_5_ER_0_EID_3.gexf,"[0, 5, 0, 3]",8
993.gexf,993_NR_0_NID_2_ER_0_EID_6.gexf,"[0, 2, 0, 6]",8
994.gexf,994_NR_0_NID_6_ER_0_EID_2.gexf,"[0, 6, 0, 2]",8
995.gexf,995_NR_0_NID_5_ER_0_EID_3.gexf,"[0, 5, 0, 3]",8
996.gexf,996_NR_0_NID_0_ER_0_EID_8.gexf,"[0, 0, 0, 8]",8
997.gexf,997_NR_0_NID_0_ER_0_EID_8.gexf,"[0, 0, 0, 8]",8
998.gexf,998_NR_0_NID_4_ER_0_EID_4.gexf,"[0, 4, 0, 4]",8
999.gexf,999_NR_0_NID_0_ER_0_EID_8.gexf,"[0, 0, 0, 8]",8
99.gexf,99_NR_0_NID_1_ER_0_EID_7.gexf,"[0, 1, 0, 7]",8
9.gexf,9_NR_0_NID_0_ER_0_EID_8.gexf,"[0, 0, 0, 8]",8
